[{
  "publishedVersion": null,
  "replicaSetTemplates": [{
    "replicaSetSettings": {},
    "eligiblePortRangeMin": 27017,
    "args2_6": {
      "systemLog": {"destination": "file"},
      "net": {"ssl": {"mode": "requireSSL"}}
    },
    "dbPathPrefix": "",
    "nodesPerReplicaSet": 3,
    "version": "4.0.3",
    "authSchemaVersion": 5,
    "featureCompatibilityVersion": "4.0",
    "eligiblePortRangeMax": 27017,
    "indexConfigs": [],
    "processTemplates": [
      {
        "delay": 0,
        "isArbiter": false,
        "buildIndexes": true,
        "votes": 1,
        "priority": 1,
        "isHidden": false
      },
      {
        "delay": 0,
        "isArbiter": false,
        "buildIndexes": true,
        "votes": 1,
        "priority": 1,
        "isHidden": false
      },
      {
        "delay": 0,
        "isArbiter": false,
        "buildIndexes": true,
        "votes": 1,
        "priority": 1,
        "isHidden": false
      }
    ],
    "name": "myReplicaSet",
    "protocolVersion": "1",
    "memberIndices": [
      0,
      1,
      2
    ],
    "eligibilityRegexp": "."
  }],
  "saveTimestamp": 1540974412156,
  "groupId": "5bd966f736d1a001d06bf569",
  "publishTimestamp": 1540974412156,
  "state": "PUBLISHED",
  "version": 1,
  "clusterTemplates": []
}]