[{
  "publishedVersion": null,
  "replicaSetTemplates": [{
    "replicaSetSettings": {},
    "eligiblePortRangeMin": 27017,
    "args2_6": {
      "systemLog": {"destination": "file"},
      "net": {"ssl": {"mode": "requireSSL"}}
    },
    "dbPathPrefix": "",
    "nodesPerReplicaSet": 3,
    "version": "4.0.3",
    "authSchemaVersion": 5,
    "featureCompatibilityVersion": "4.0",
    "eligiblePortRangeMax": 27017,
    "indexConfigs": [],
    "processTemplates": [
      {
        "delay": 0,
        "isArbiter": false,
        "buildIndexes": true,
        "votes": 1,
        "priority": 1,
        "isHidden": false
      },
      {
        "delay": 0,
        "isArbiter": false,
        "buildIndexes": true,
        "votes": 1,
        "priority": 1,
        "isHidden": false
      },
      {
        "delay": 0,
        "isArbiter": false,
        "buildIndexes": true,
        "votes": 1,
        "priority": 1,
        "isHidden": false
      }
    ],
    "name": "myReplicaSet",
    "protocolVersion": "1",
    "memberIndices": [
      0,
      1,
      2
    ],
    "eligibilityRegexp": "."
  }],
  "saveTimestamp": 1540202082756,
  "groupId": "5bcd84bb36d1a001a9d7b1ce",
  "publishTimestamp": 1540202082756,
  "state": "PUBLISHED",
  "version": 3,
  "clusterTemplates": []
}]