[
  {
    "level": "DEBUG",
    "machine": "opsmanager",
    "logger": "com.xgen.svc.brs.grid.Daemon",
    "tsDebug": "Wed Oct 31 08:29:32 GMT 2018",
    "_id": {"$oid": "5bd967ec36d1a0053208d423"},
    "thread": "main",
    "headDir": "/var/lib/mongodb/backup/",
    "message": "Waiting for daemon to be configured.",
    "ts": 1540974572511
  },
  {
    "level": "DEBUG",
    "machine": "opsmanager",
    "logger": "com.xgen.svc.brs.grid.Daemon",
    "tsDebug": "Wed Oct 31 08:29:27 GMT 2018",
    "_id": {"$oid": "5bd967e736d1a0053208d422"},
    "thread": "main",
    "headDir": "/var/lib/mongodb/backup/",
    "message": "Waiting for daemon to be configured.",
    "ts": 1540974567492
  },
  {
    "level": "DEBUG",
    "machine": "opsmanager",
    "logger": "com.xgen.svc.brs.grid.Daemon",
    "tsDebug": "Wed Oct 31 08:29:22 GMT 2018",
    "_id": {"$oid": "5bd967e236d1a0053208d421"},
    "thread": "main",
    "headDir": "/var/lib/mongodb/backup/",
    "message": "Waiting for daemon to be configured.",
    "ts": 1540974562462
  },
  {
    "level": "INFO",
    "machine": "opsmanager",
    "logger": "com.xgen.svc.brs.grid.BackupDaemonConfiguration",
    "tsDebug": "Wed Oct 31 08:29:17 GMT 2018",
    "_id": {"$oid": "5bd967dd36d1a0053208d41f"},
    "thread": "Thread-8",
    "headDir": "/var/lib/mongodb/backup/",
    "message": "Loaded new daemon configuration: { \"_id\" : { \"$oid\" : \"5bd967ca0225bef94edc93af\"} , \"machine\" : { \"machine\" : \"opsmanager\" , \"head\" : \"/var/lib/mongodb/backup/\"} , \"configured\" : false , \"backupJobsEnabled\" : true , \"numWorkers\" : 4 , \"garbageCollectionEnabled\" : true , \"restoreQueryableJobsEnabled\" : true , \"resourceUsageEnabled\" : true , \"assignmentEnabled\" : true , \"hardware\" : { }}",
    "ts": 1540974557707
  },
  {
    "level": "DEBUG",
    "machine": "opsmanager",
    "logger": "com.xgen.svc.brs.grid.Daemon",
    "tsDebug": "Wed Oct 31 08:29:17 GMT 2018",
    "_id": {"$oid": "5bd967dd36d1a0053208d41e"},
    "thread": "main",
    "headDir": "/var/lib/mongodb/backup/",
    "message": "Waiting for daemon to be configured.",
    "ts": 1540974557433
  },
  {
    "level": "INFO",
    "machine": "opsmanager",
    "logger": "com.xgen.svc.brs.autoDownloader.MongoDbReleaseAutoDownloadThread",
    "tsDebug": "Wed Oct 31 08:29:09 GMT 2018",
    "_id": {"$oid": "5bd967d536d1a0053208d41d"},
    "thread": "MongoDbReleaseAutoDownload Thread",
    "headDir": "/var/lib/mongodb/backup/",
    "message": "Downloading 3.6.8 from https://fastdl.mongodb.org/linux/mongodb-linux-x86_64-ubuntu1404-3.6.8.tgz to /opt/mongodb/mms/mongodb-releases/",
    "ts": 1540974549912
  },
  {
    "level": "INFO",
    "machine": "opsmanager",
    "logger": "com.xgen.svc.brs.grid.Daemon",
    "tsDebug": "Wed Oct 31 08:28:59 GMT 2018",
    "_id": {"$oid": "5bd967cb36d1a0053208d41c"},
    "thread": "main",
    "headDir": "/var/lib/mongodb/backup/",
    "message": "Starting daemon with 4 worker threads",
    "ts": 1540974539405
  },
  {
    "level": "INFO",
    "machine": "opsmanager",
    "logger": "com.xgen.svc.brs.grid.Daemon",
    "tsDebug": "Wed Oct 31 08:28:59 GMT 2018",
    "_id": {"$oid": "5bd967cb36d1a0053208d41b"},
    "thread": "main",
    "headDir": "/var/lib/mongodb/backup/",
    "message": "Startup params. My machine name: opsmanager:/var/lib/mongodb/backup/ Base port: 27500 Debug port: disabled",
    "ts": 1540974539326
  }
]