[
  {
    "p": 27017,
    "hid": "server1:27017",
    "uniqueHash": "ef8f998d2de20c51b1f2f92ad09e9d17",
    "lu": 1540207845167,
    "_id": "5bcd84bb36d1a001a9d7b1ce-172.18.0.9-27017",
    "n": "172.18.0.9",
    "cid": {"$oid": "5bcd84bb36d1a001a9d7b1ce"}
  },
  {
    "p": 27017,
    "hid": "server2:27017",
    "uniqueHash": "7246914fdd94fb9bede9acc89d8df02a",
    "lu": 1540212190630,
    "_id": "5bcd84bb36d1a001a9d7b1ce-172.18.0.11-27017",
    "n": "172.18.0.11",
    "cid": {"$oid": "5bcd84bb36d1a001a9d7b1ce"}
  }
]