[ {
  "appProcesses" : [ ],
  "automationAgent" : null,
  "backupAgents" : {
    "count" : 0,
    "entries" : [ ],
    "isAnyAgentNotManaged" : false,
    "isAnyAgentVersionDeprecated" : false,
    "isAnyAgentVersionOld" : false,
    "latestVersion" : "6.8.5.1011",
    "minimumAgentVersionDetected" : null,
    "minimumVersion" : "2.7.1.206"
  },
  "batchId" : null,
  "biConnectors" : [ ],
  "hostname" : "database1",
  "jobId" : null,
  "monitoringAgents" : {
    "count" : 0,
    "entries" : [ ],
    "isAnyAgentNotManaged" : false,
    "isAnyAgentVersionDeprecated" : false,
    "isAnyAgentVersionOld" : false,
    "latestVersion" : "6.6.2.464",
    "minimumAgentVersionDetected" : null,
    "minimumVersion" : "5.0.0.309"
  },
  "processes" : [ {
    "args2_6" : {
      "replication" : {
        "replSetName" : "appdb"
      }
    },
    "authSchemaVersion" : null,
    "diffStatus" : null,
    "hostname" : "database1",
    "managed" : false,
    "name" : "database1:27017",
    "processType" : "mongod",
    "rsConfig" : {
      "_id" : 0,
      "arbiterOnly" : false,
      "buildIndexes" : true,
      "hidden" : false,
      "host" : "database1:27017",
      "priority" : 1.0,
      "slaveDelay" : 0,
      "votes" : 1
    },
    "state" : {
      "authMechanism" : null,
      "created" : 0,
      "dataSize" : null,
      "dataSource" : null,
      "dbCount" : null,
      "disableAlerts" : false,
      "enableLogs" : false,
      "enableProfiler" : false,
      "hasPassword" : false,
      "hasStartupWarnings" : false,
      "hidden" : false,
      "hostId" : null,
      "hostTypes" : [ 7 ],
      "isArbiter" : false,
      "isConf" : false,
      "isMongos" : false,
      "lastPing" : 1540974553733,
      "lowUlimit" : false,
      "maintenanceUpgradeAvailable" : false,
      "preferredHostname" : null,
      "priority" : 1.0,
      "replicaSetId" : "appdb",
      "replicaState" : "PRIMARY",
      "secondsSinceLastPing" : 0,
      "slaveDelay" : 0,
      "sslEnabled" : false,
      "startupWarnings" : null,
      "storageEngineName" : null,
      "version" : "4.0.3",
      "versionOld" : false,
      "votes" : 1
    },
    "transientReplicaSetName" : "appdb",
    "version" : "4.0.3"
  } ],
  "provisionedMachineInfo" : null,
  "status" : null,
  "type" : "Self-managed"
}, {
  "appProcesses" : [ ],
  "automationAgent" : null,
  "backupAgents" : {
    "count" : 0,
    "entries" : [ ],
    "isAnyAgentNotManaged" : false,
    "isAnyAgentVersionDeprecated" : false,
    "isAnyAgentVersionOld" : false,
    "latestVersion" : "6.8.5.1011",
    "minimumAgentVersionDetected" : null,
    "minimumVersion" : "2.7.1.206"
  },
  "batchId" : null,
  "biConnectors" : [ ],
  "hostname" : "database2",
  "jobId" : null,
  "monitoringAgents" : {
    "count" : 0,
    "entries" : [ ],
    "isAnyAgentNotManaged" : false,
    "isAnyAgentVersionDeprecated" : false,
    "isAnyAgentVersionOld" : false,
    "latestVersion" : "6.6.2.464",
    "minimumAgentVersionDetected" : null,
    "minimumVersion" : "5.0.0.309"
  },
  "processes" : [ {
    "args2_6" : {
      "replication" : {
        "replSetName" : "appdb"
      }
    },
    "authSchemaVersion" : null,
    "diffStatus" : null,
    "hostname" : "database2",
    "managed" : false,
    "name" : "database2:27017",
    "processType" : "mongod",
    "rsConfig" : {
      "_id" : 1,
      "arbiterOnly" : false,
      "buildIndexes" : true,
      "hidden" : false,
      "host" : "database2:27017",
      "priority" : 1.0,
      "slaveDelay" : 0,
      "votes" : 1
    },
    "state" : {
      "authMechanism" : null,
      "created" : 0,
      "dataSize" : null,
      "dataSource" : null,
      "dbCount" : null,
      "disableAlerts" : false,
      "enableLogs" : false,
      "enableProfiler" : false,
      "hasPassword" : false,
      "hasStartupWarnings" : false,
      "hidden" : false,
      "hostId" : null,
      "hostTypes" : [ 8 ],
      "isArbiter" : false,
      "isConf" : false,
      "isMongos" : false,
      "lastPing" : 1540974553810,
      "lowUlimit" : false,
      "maintenanceUpgradeAvailable" : false,
      "preferredHostname" : null,
      "priority" : 1.0,
      "replicaSetId" : "appdb",
      "replicaState" : "SECONDARY",
      "secondsSinceLastPing" : 0,
      "slaveDelay" : 0,
      "sslEnabled" : false,
      "startupWarnings" : null,
      "storageEngineName" : null,
      "version" : "4.0.3",
      "versionOld" : false,
      "votes" : 1
    },
    "transientReplicaSetName" : "appdb",
    "version" : "4.0.3"
  } ],
  "provisionedMachineInfo" : null,
  "status" : null,
  "type" : "Self-managed"
}, {
  "appProcesses" : [ ],
  "automationAgent" : null,
  "backupAgents" : {
    "count" : 0,
    "entries" : [ ],
    "isAnyAgentNotManaged" : false,
    "isAnyAgentVersionDeprecated" : false,
    "isAnyAgentVersionOld" : false,
    "latestVersion" : "6.8.5.1011",
    "minimumAgentVersionDetected" : null,
    "minimumVersion" : "2.7.1.206"
  },
  "batchId" : null,
  "biConnectors" : [ ],
  "hostname" : "database3",
  "jobId" : null,
  "monitoringAgents" : {
    "count" : 0,
    "entries" : [ ],
    "isAnyAgentNotManaged" : false,
    "isAnyAgentVersionDeprecated" : false,
    "isAnyAgentVersionOld" : false,
    "latestVersion" : "6.6.2.464",
    "minimumAgentVersionDetected" : null,
    "minimumVersion" : "5.0.0.309"
  },
  "processes" : [ {
    "args2_6" : {
      "replication" : {
        "replSetName" : "appdb"
      }
    },
    "authSchemaVersion" : null,
    "diffStatus" : null,
    "hostname" : "database3",
    "managed" : false,
    "name" : "database3:27017",
    "processType" : "mongod",
    "rsConfig" : {
      "_id" : 2,
      "arbiterOnly" : false,
      "buildIndexes" : true,
      "hidden" : false,
      "host" : "database3:27017",
      "priority" : 1.0,
      "slaveDelay" : 0,
      "votes" : 1
    },
    "state" : {
      "authMechanism" : null,
      "created" : 0,
      "dataSize" : null,
      "dataSource" : null,
      "dbCount" : null,
      "disableAlerts" : false,
      "enableLogs" : false,
      "enableProfiler" : false,
      "hasPassword" : false,
      "hasStartupWarnings" : false,
      "hidden" : false,
      "hostId" : null,
      "hostTypes" : [ 8 ],
      "isArbiter" : false,
      "isConf" : false,
      "isMongos" : false,
      "lastPing" : 1540974553963,
      "lowUlimit" : false,
      "maintenanceUpgradeAvailable" : false,
      "preferredHostname" : null,
      "priority" : 1.0,
      "replicaSetId" : "appdb",
      "replicaState" : "SECONDARY",
      "secondsSinceLastPing" : 0,
      "slaveDelay" : 0,
      "sslEnabled" : false,
      "startupWarnings" : null,
      "storageEngineName" : null,
      "version" : "4.0.3",
      "versionOld" : false,
      "votes" : 1
    },
    "transientReplicaSetName" : "appdb",
    "version" : "4.0.3"
  } ],
  "provisionedMachineInfo" : null,
  "status" : null,
  "type" : "Self-managed"
}, {
  "appProcesses" : [ {
    "hostIdentifier" : "8080",
    "lastPing" : 1540974571241,
    "pingId" : "5bd966d30225bef94edc6a90",
    "serviceType" : "Management HTTP Service",
    "version" : "4.0.4.50216.20181012T0118Z"
  } ],
  "automationAgent" : null,
  "backupAgents" : {
    "count" : 0,
    "entries" : [ ],
    "isAnyAgentNotManaged" : false,
    "isAnyAgentVersionDeprecated" : false,
    "isAnyAgentVersionOld" : false,
    "latestVersion" : "6.8.5.1011",
    "minimumAgentVersionDetected" : null,
    "minimumVersion" : "2.7.1.206"
  },
  "batchId" : null,
  "biConnectors" : [ ],
  "hostname" : "opsmanager",
  "jobId" : null,
  "monitoringAgents" : {
    "count" : 0,
    "entries" : [ ],
    "isAnyAgentNotManaged" : false,
    "isAnyAgentVersionDeprecated" : false,
    "isAnyAgentVersionOld" : false,
    "latestVersion" : "6.6.2.464",
    "minimumAgentVersionDetected" : null,
    "minimumVersion" : "5.0.0.309"
  },
  "processes" : [ ],
  "provisionedMachineInfo" : null,
  "status" : null,
  "type" : "Self-managed"
} ]