{
  "auth" : {
    "authoritativeSet" : false,
    "autoAuthMechanism" : "MONGODB-CR",
    "autoAuthMechanisms" : [ ],
    "autoAuthRestrictions" : [ ],
    "disabled" : true,
    "hasAutoPwd" : false,
    "usersDeleted" : [ ],
    "usersWanted" : [ ]
  },
  "backupVersions" : [ ],
  "balancer" : { },
  "builtInRoles" : [ ],
  "indexConfigs" : [ ],
  "kerberos" : {
    "serviceName" : "mongodb"
  },
  "ldap" : {
    "hasBindQueryPassword" : false
  },
  "mongoDbVersions" : [ ],
  "mongosqlds" : [ ],
  "monitoringVersions" : [ ],
  "options" : { },
  "processes" : [ {
    "args2_6" : {
      "replication" : {
        "replSetName" : "appdb"
      }
    },
    "authSchemaVersion" : null,
    "hostname" : "database1",
    "managed" : false,
    "name" : "database1:27017",
    "processType" : "mongod",
    "state" : {
      "authMechanism" : null,
      "created" : 0,
      "dataSize" : null,
      "dataSource" : null,
      "dbCount" : null,
      "disableAlerts" : false,
      "enableLogs" : false,
      "enableProfiler" : false,
      "hasPassword" : false,
      "hasStartupWarnings" : false,
      "hidden" : false,
      "hostId" : null,
      "hostTypes" : [ 7 ],
      "isArbiter" : false,
      "isConf" : false,
      "isMongos" : false,
      "lastPing" : 1540212616454,
      "lowUlimit" : false,
      "maintenanceUpgradeAvailable" : false,
      "preferredHostname" : null,
      "priority" : 1.0,
      "replicaSetId" : "appdb",
      "replicaState" : "PRIMARY",
      "secondsSinceLastPing" : 0,
      "slaveDelay" : 0,
      "sslEnabled" : false,
      "storageEngineName" : null,
      "version" : "4.0.3",
      "versionOld" : false,
      "votes" : 1
    },
    "version" : "4.0.3"
  }, {
    "args2_6" : {
      "replication" : {
        "replSetName" : "appdb"
      }
    },
    "authSchemaVersion" : null,
    "hostname" : "database2",
    "managed" : false,
    "name" : "database2:27017",
    "processType" : "mongod",
    "state" : {
      "authMechanism" : null,
      "created" : 0,
      "dataSize" : null,
      "dataSource" : null,
      "dbCount" : null,
      "disableAlerts" : false,
      "enableLogs" : false,
      "enableProfiler" : false,
      "hasPassword" : false,
      "hasStartupWarnings" : false,
      "hidden" : false,
      "hostId" : null,
      "hostTypes" : [ 8 ],
      "isArbiter" : false,
      "isConf" : false,
      "isMongos" : false,
      "lastPing" : 1540212616858,
      "lowUlimit" : false,
      "maintenanceUpgradeAvailable" : false,
      "preferredHostname" : null,
      "priority" : 1.0,
      "replicaSetId" : "appdb",
      "replicaState" : "SECONDARY",
      "secondsSinceLastPing" : 0,
      "slaveDelay" : 0,
      "sslEnabled" : false,
      "storageEngineName" : null,
      "version" : "4.0.3",
      "versionOld" : false,
      "votes" : 1
    },
    "version" : "4.0.3"
  }, {
    "args2_6" : {
      "replication" : {
        "replSetName" : "appdb"
      }
    },
    "authSchemaVersion" : null,
    "hostname" : "database3",
    "managed" : false,
    "name" : "database3:27017",
    "processType" : "mongod",
    "state" : {
      "authMechanism" : null,
      "created" : 0,
      "dataSize" : null,
      "dataSource" : null,
      "dbCount" : null,
      "disableAlerts" : false,
      "enableLogs" : false,
      "enableProfiler" : false,
      "hasPassword" : false,
      "hasStartupWarnings" : false,
      "hidden" : false,
      "hostId" : null,
      "hostTypes" : [ 8 ],
      "isArbiter" : false,
      "isConf" : false,
      "isMongos" : false,
      "lastPing" : 1540212616922,
      "lowUlimit" : false,
      "maintenanceUpgradeAvailable" : false,
      "preferredHostname" : null,
      "priority" : 1.0,
      "replicaSetId" : "appdb",
      "replicaState" : "SECONDARY",
      "secondsSinceLastPing" : 0,
      "slaveDelay" : 0,
      "sslEnabled" : false,
      "storageEngineName" : null,
      "version" : "4.0.3",
      "versionOld" : false,
      "votes" : 1
    },
    "version" : "4.0.3"
  } ],
  "replicaSets" : [ {
    "_id" : "appdb",
    "managed" : true,
    "members" : [ {
      "_id" : 0,
      "arbiterOnly" : false,
      "buildIndexes" : true,
      "hidden" : false,
      "host" : "database1:27017",
      "priority" : 1.0,
      "slaveDelay" : 0,
      "votes" : 1
    }, {
      "_id" : 1,
      "arbiterOnly" : false,
      "buildIndexes" : true,
      "hidden" : false,
      "host" : "database2:27017",
      "priority" : 1.0,
      "slaveDelay" : 0,
      "votes" : 1
    }, {
      "_id" : 2,
      "arbiterOnly" : false,
      "buildIndexes" : true,
      "hidden" : false,
      "host" : "database3:27017",
      "priority" : 1.0,
      "slaveDelay" : 0,
      "votes" : 1
    } ]
  } ],
  "roles" : [ ],
  "sharding" : [ ],
  "ssl" : {
    "clientCertificateMode" : "OPTIONAL",
    "hasAutoPEMKeyFilePwd" : false
  },
  "uiBaseUrl" : null,
  "version" : null
}