[{
  "groupType": "ONPREM",
  "enableAllHostLogs": false,
  "lmav": "6.6.2.464",
  "includeJsonWithAlerts": false,
  "enableAllHostProfilers": false,
  "orgId": {"$oid": "5bd966f736d1a001d06bf56a"},
  "cre": {"$date": "2018-10-31T08:25:27.260Z"},
  "sk": "<redacted>",
  "crowdName": "main - 5bd966f736d1a001d06bf569",
  "brs": {},
  "storageConfig": {
    "mode": "V3",
    "retentionPolicyId": {"$oid": "5bd966ab36d1a001d06bf4fd"},
    "migration": {
      "heartbeat": {"$date": "1970-01-01T00:00:00.000Z"},
      "completed": {"$date": "1970-01-01T00:00:00.000Z"},
      "status": "COMPLETE"
    }
  },
  "fqdn": true,
  "hasAddedHosts": true,
  "k": "<redacted>",
  "nts": ["main"],
  "n": "main",
  "replicaSetCount": 0,
  "tags": [],
  "activeAgentCount": 0,
  "hasAddedAutomationAgents": true,
  "ingestAgentStats": false,
  "_id": {"$oid": "5bd966f736d1a001d06bf569"},
  "shardCount": 0,
  "nl": "main",
  "status": {
    "status": "ACTIVE",
    "since": {"$date": "2018-10-31T08:25:27.260Z"}
  }
}]