[{
  "groupType": "ONPREM",
  "enableAllHostLogs": false,
  "lmav": "6.6.2.464",
  "includeJsonWithAlerts": false,
  "enableAllHostProfilers": false,
  "orgId": {"$oid": "5bcd84bb36d1a001a9d7b1cf"},
  "cre": {"$date": "2018-10-22T08:05:15.338Z"},
  "sk": "<redacted>",
  "crowdName": "main - 5bcd84bb36d1a001a9d7b1ce",
  "brs": {},
  "storageConfig": {
    "mode": "V3",
    "retentionPolicyId": {"$oid": "5bcd847436d1a001a9d7b163"},
    "migration": {
      "heartbeat": {"$date": "1970-01-01T00:00:00.000Z"},
      "completed": {"$date": "1970-01-01T00:00:00.000Z"},
      "status": "COMPLETE"
    }
  },
  "fqdn": true,
  "hasAddedHosts": true,
  "k": "<redacted>",
  "nts": ["main"],
  "n": "main",
  "replicaSetCount": 0,
  "tags": [],
  "activeAgentCount": 0,
  "hasAddedAutomationAgents": true,
  "ingestAgentStats": false,
  "_id": {"$oid": "5bcd84bb36d1a001a9d7b1ce"},
  "shardCount": 0,
  "nl": "main",
  "status": {
    "status": "ACTIVE",
    "since": {"$date": "2018-10-22T08:05:15.338Z"}
  }
}]