[
  {
    "cluster": {
      "id": {"$oid": "5bd9674c36d1a001d06bf62a"},
      "type": 1
    },
    "hasStartupWarnings": false,
    "hid": false,
    "hp": "server1:27017",
    "ht": [1],
    "authMechanism": "MONGODB_CR",
    "si": "deprecated",
    "sslEnabled": true,
    "cre": {"$date": "2018-10-31T08:26:52.434Z"},
    "un": "mms-monitoring-agent",
    "b": "64",
    "e": true,
    "hostInfo": null,
    "ipAddress": "172.18.0.11",
    "lowUlimit": false,
    "cmdLineOpts": null,
    "n": "server1",
    "gv": "7ea530946fa7880364d88c8d8b6026bbc9ffa48c",
    "authSchemaVersion": -1,
    "p": 27017,
    "pa": "<redacted>",
    "versions": [{
      "s": {"$date": "2018-10-31T08:27:32.324Z"},
      "v": "4.0.3"
    }],
    "v": "4.0.3",
    "selfId": {"$oid": "5bd9676f1c56e40ff156e6ec"},
    "_id": "7f85cd99807d1ff3d46783748009258f",
    "dataSource": "MONITORING_AGENT",
    "cid": {"$oid": "5bd966f736d1a001d06bf569"}
  },
  {
    "cluster": {
      "id": {"$oid": "5bd9674c36d1a001d06bf62a"},
      "type": 1
    },
    "hasStartupWarnings": false,
    "hid": false,
    "hp": "server2:27017",
    "ht": [1],
    "authMechanism": "MONGODB_CR",
    "si": "deprecated",
    "sslEnabled": true,
    "cre": {"$date": "2018-10-31T08:26:52.527Z"},
    "un": "mms-monitoring-agent",
    "b": "64",
    "e": true,
    "hostInfo": null,
    "ipAddress": "172.18.0.10",
    "lowUlimit": false,
    "cmdLineOpts": null,
    "n": "server2",
    "gv": "7ea530946fa7880364d88c8d8b6026bbc9ffa48c",
    "authSchemaVersion": -1,
    "p": 27017,
    "pa": "<redacted>",
    "versions": [{
      "s": {"$date": "2018-10-31T08:27:32.346Z"},
      "v": "4.0.3"
    }],
    "v": "4.0.3",
    "selfId": {"$oid": "5bd9676bc821d6beed0e6e0f"},
    "_id": "39c82401d2f1bb43bfd09422fc606d17",
    "dataSource": "MONITORING_AGENT",
    "cid": {"$oid": "5bd966f736d1a001d06bf569"}
  },
  {
    "cluster": {
      "id": {"$oid": "5bd9674c36d1a001d06bf62a"},
      "type": 1
    },
    "hid": false,
    "e": true,
    "hostInfo": null,
    "hp": "server3:27017",
    "ht": [1],
    "cmdLineOpts": null,
    "n": "server3",
    "authSchemaVersion": -1,
    "p": 27017,
    "pa": "<redacted>",
    "authMechanism": "MONGODB_CR",
    "sslEnabled": true,
    "cre": {"$date": "2018-10-31T08:26:52.580Z"},
    "un": "mms-monitoring-agent",
    "_id": "c34adb3fb5762ba103ceaa021517f65e",
    "dataSource": "MONITORING_AGENT",
    "cid": {"$oid": "5bd966f736d1a001d06bf569"}
  }
]