[
  {
    "cluster": {
      "id": {"$oid": "5bcd9dfa36d1a001a9d7d6b8"},
      "type": 1
    },
    "hasStartupWarnings": false,
    "hid": false,
    "hp": "server1:27017",
    "ht": [1],
    "authMechanism": "MONGODB_CR",
    "si": "deprecated",
    "sslEnabled": true,
    "cre": {"$date": "2018-10-22T09:52:58.637Z"},
    "un": "mms-monitoring-agent",
    "b": "64",
    "e": true,
    "hostInfo": null,
    "ipAddress": "172.18.0.9",
    "lowUlimit": false,
    "cmdLineOpts": null,
    "n": "server1",
    "gv": "7ea530946fa7880364d88c8d8b6026bbc9ffa48c",
    "authSchemaVersion": -1,
    "p": 27017,
    "pa": "<redacted>",
    "versions": [{
      "s": {"$date": "2018-10-22T11:30:45.414Z"},
      "v": "4.0.3"
    }],
    "v": "4.0.3",
    "selfId": {"$oid": "5bcdb4d86ac9ff58846f280e"},
    "_id": "b6a51a6723ab3f0a64dc1dee29ae7f58",
    "dataSource": "MONITORING_AGENT",
    "cid": {"$oid": "5bcd84bb36d1a001a9d7b1ce"}
  },
  {
    "cluster": {
      "id": {"$oid": "5bcd9dfa36d1a001a9d7d6b8"},
      "type": 1
    },
    "hasStartupWarnings": false,
    "hid": false,
    "hp": "server2:27017",
    "ht": [1],
    "authMechanism": "MONGODB_CR",
    "si": "deprecated",
    "sslEnabled": true,
    "cre": {"$date": "2018-10-22T09:52:58.684Z"},
    "un": "mms-monitoring-agent",
    "b": "64",
    "e": true,
    "hostInfo": null,
    "ipAddress": "172.18.0.11",
    "lowUlimit": false,
    "cmdLineOpts": null,
    "n": "server2",
    "gv": "7ea530946fa7880364d88c8d8b6026bbc9ffa48c",
    "authSchemaVersion": -1,
    "p": 27017,
    "pa": "<redacted>",
    "versions": [{
      "s": {"$date": "2018-10-22T12:43:10.694Z"},
      "v": "4.0.3"
    }],
    "v": "4.0.3",
    "selfId": {"$oid": "5bcdc5a8e3c99d8e2aef054c"},
    "_id": "8feac6b356c310862658101b16d1b5f7",
    "dataSource": "MONITORING_AGENT",
    "cid": {"$oid": "5bcd84bb36d1a001a9d7b1ce"}
  },
  {
    "cluster": {
      "id": {"$oid": "5bcd9dfa36d1a001a9d7d6b8"},
      "type": 1
    },
    "hid": false,
    "e": true,
    "hostInfo": null,
    "hp": "server3:27017",
    "ht": [1],
    "cmdLineOpts": null,
    "n": "server3",
    "authSchemaVersion": -1,
    "p": 27017,
    "pa": "<redacted>",
    "authMechanism": "MONGODB_CR",
    "sslEnabled": true,
    "cre": {"$date": "2018-10-22T09:52:58.710Z"},
    "un": "mms-monitoring-agent",
    "_id": "f6141d3b54c94dab616357059922d7e3",
    "dataSource": "MONITORING_AGENT",
    "cid": {"$oid": "5bcd84bb36d1a001a9d7b1ce"}
  }
]