[{
  "heartbeat": {"$date": "2018-10-22T12:24:50.872Z"},
  "replicaSets": [],
  "created": {"$date": "2018-10-22T09:52:58.739Z"},
  "groupId": {"$oid": "5bcd84bb36d1a001a9d7b1ce"},
  "name": "myReplicaSet",
  "active": true,
  "_id": {"$oid": "5bcd9dfa36d1a001a9d7d6b9"},
  "clusterId": {"$oid": "5bcd9dfa36d1a001a9d7d6b8"},
  "hostIds": [
    "b6a51a6723ab3f0a64dc1dee29ae7f58",
    "8feac6b356c310862658101b16d1b5f7",
    "f6141d3b54c94dab616357059922d7e3"
  ],
  "replicaSetIds": ["myReplicaSet"],
  "updated": {"$date": "2018-10-22T09:52:58.739Z"},
  "typeCode": 1
}]