[{
  "heartbeat": {"$date": "2018-10-31T08:26:52.627Z"},
  "replicaSets": [],
  "created": {"$date": "2018-10-31T08:26:52.627Z"},
  "groupId": {"$oid": "5bd966f736d1a001d06bf569"},
  "name": "myReplicaSet",
  "active": true,
  "_id": {"$oid": "5bd9674c36d1a001d06bf62b"},
  "clusterId": {"$oid": "5bd9674c36d1a001d06bf62a"},
  "hostIds": [
    "7f85cd99807d1ff3d46783748009258f",
    "39c82401d2f1bb43bfd09422fc606d17",
    "c34adb3fb5762ba103ceaa021517f65e"
  ],
  "replicaSetIds": ["myReplicaSet"],
  "updated": {"$date": "2018-10-31T08:26:52.627Z"},
  "typeCode": 1
}]