[
  {
    "sourceRetention": {
      "samplePeriodMillis": 10000,
      "retentionMillis": 86400000
    },
    "sampleSinceDate": {"$date": "2018-10-31T08:25:28.598Z"},
    "stateNumber": 12,
    "measurementType": "HOST",
    "receivedSinceDate": {"$date": "2018-10-31T08:29:28.598Z"},
    "receivedUntilDate": {"$date": "2018-10-31T08:30:28.598Z"},
    "_id": {"$oid": "5bd966f836d1a001d06bf577"},
    "state": "UNSCHEDULED",
    "destinationRetention": {
      "samplePeriodMillis": 60000,
      "retentionMillis": 604800000
    }
  },
  {
    "sourceRetention": {
      "samplePeriodMillis": 10000,
      "retentionMillis": 86400000
    },
    "sampleSinceDate": {"$date": "2018-10-31T08:25:28.644Z"},
    "stateNumber": 12,
    "measurementType": "DATABASE",
    "receivedSinceDate": {"$date": "2018-10-31T08:29:28.644Z"},
    "receivedUntilDate": {"$date": "2018-10-31T08:30:28.644Z"},
    "_id": {"$oid": "5bd966f836d1a001d06bf578"},
    "state": "UNSCHEDULED",
    "destinationRetention": {
      "samplePeriodMillis": 60000,
      "retentionMillis": 604800000
    }
  },
  {
    "sourceRetention": {
      "samplePeriodMillis": 60000,
      "retentionMillis": 604800000
    },
    "sampleSinceDate": {"$date": "2018-10-31T08:25:28.674Z"},
    "stateNumber": 0,
    "measurementType": "HOST",
    "receivedSinceDate": {"$date": "2018-10-31T08:25:28.674Z"},
    "receivedUntilDate": {"$date": "2018-10-31T09:25:28.674Z"},
    "_id": {"$oid": "5bd966f836d1a001d06bf579"},
    "state": "UNSCHEDULED",
    "destinationRetention": {
      "samplePeriodMillis": 3600000,
      "retentionMillis": 5443200000
    }
  },
  {
    "sourceRetention": {
      "samplePeriodMillis": 60000,
      "retentionMillis": 604800000
    },
    "sampleSinceDate": {"$date": "2018-10-31T08:25:28.704Z"},
    "stateNumber": 0,
    "measurementType": "DATABASE",
    "receivedSinceDate": {"$date": "2018-10-31T08:25:28.704Z"},
    "receivedUntilDate": {"$date": "2018-10-31T09:25:28.704Z"},
    "_id": {"$oid": "5bd966f836d1a001d06bf57a"},
    "state": "UNSCHEDULED",
    "destinationRetention": {
      "samplePeriodMillis": 3600000,
      "retentionMillis": 5443200000
    }
  },
  {
    "sourceRetention": {
      "samplePeriodMillis": 3600000,
      "retentionMillis": 5443200000
    },
    "sampleSinceDate": {"$date": "2018-10-31T08:25:28.732Z"},
    "stateNumber": 0,
    "measurementType": "HOST",
    "receivedSinceDate": {"$date": "2018-10-31T08:25:28.732Z"},
    "receivedUntilDate": {"$date": "2018-11-01T08:25:28.732Z"},
    "_id": {"$oid": "5bd966f836d1a001d06bf57b"},
    "state": "UNSCHEDULED",
    "destinationRetention": {
      "samplePeriodMillis": 86400000,
      "retentionMillis": 3153600000000
    }
  },
  {
    "sourceRetention": {
      "samplePeriodMillis": 3600000,
      "retentionMillis": 5443200000
    },
    "sampleSinceDate": {"$date": "2018-10-31T08:25:28.755Z"},
    "stateNumber": 0,
    "measurementType": "DATABASE",
    "receivedSinceDate": {"$date": "2018-10-31T08:25:28.755Z"},
    "receivedUntilDate": {"$date": "2018-11-01T08:25:28.755Z"},
    "_id": {"$oid": "5bd966f836d1a001d06bf57c"},
    "state": "UNSCHEDULED",
    "destinationRetention": {
      "samplePeriodMillis": 86400000,
      "retentionMillis": 3153600000000
    }
  }
]