[
  {
    "lastUpdated": {"$date": "2018-10-22T12:50:16.271Z"},
    "sourceRetention": {
      "samplePeriodMillis": 10000,
      "retentionMillis": 86400000
    },
    "sampleSinceDate": {"$date": "2018-10-22T08:05:16.198Z"},
    "stateNumber": 853,
    "measurementType": "HOST",
    "receivedSinceDate": {"$date": "2018-10-22T12:49:16.198Z"},
    "receivedUntilDate": {"$date": "2018-10-22T12:50:16.198Z"},
    "_id": {"$oid": "5bcd84bc36d1a001a9d7b1dd"},
    "state": "SCHEDULED",
    "destinationRetention": {
      "samplePeriodMillis": 60000,
      "retentionMillis": 604800000
    }
  },
  {
    "lastUpdated": {"$date": "2018-10-22T12:50:16.428Z"},
    "sourceRetention": {
      "samplePeriodMillis": 10000,
      "retentionMillis": 86400000
    },
    "sampleSinceDate": {"$date": "2018-10-22T08:05:16.251Z"},
    "stateNumber": 853,
    "measurementType": "DATABASE",
    "receivedSinceDate": {"$date": "2018-10-22T12:49:16.251Z"},
    "receivedUntilDate": {"$date": "2018-10-22T12:50:16.251Z"},
    "_id": {"$oid": "5bcd84bc36d1a001a9d7b1de"},
    "state": "SCHEDULED",
    "destinationRetention": {
      "samplePeriodMillis": 60000,
      "retentionMillis": 604800000
    }
  },
  {
    "sourceRetention": {
      "samplePeriodMillis": 60000,
      "retentionMillis": 604800000
    },
    "sampleSinceDate": {"$date": "2018-10-22T08:05:16.280Z"},
    "stateNumber": 12,
    "measurementType": "HOST",
    "receivedSinceDate": {"$date": "2018-10-22T12:05:16.280Z"},
    "receivedUntilDate": {"$date": "2018-10-22T13:05:16.280Z"},
    "_id": {"$oid": "5bcd84bc36d1a001a9d7b1df"},
    "state": "UNSCHEDULED",
    "destinationRetention": {
      "samplePeriodMillis": 3600000,
      "retentionMillis": 5443200000
    }
  },
  {
    "sourceRetention": {
      "samplePeriodMillis": 60000,
      "retentionMillis": 604800000
    },
    "sampleSinceDate": {"$date": "2018-10-22T08:05:16.303Z"},
    "stateNumber": 12,
    "measurementType": "DATABASE",
    "receivedSinceDate": {"$date": "2018-10-22T12:05:16.303Z"},
    "receivedUntilDate": {"$date": "2018-10-22T13:05:16.303Z"},
    "_id": {"$oid": "5bcd84bc36d1a001a9d7b1e0"},
    "state": "UNSCHEDULED",
    "destinationRetention": {
      "samplePeriodMillis": 3600000,
      "retentionMillis": 5443200000
    }
  },
  {
    "sourceRetention": {
      "samplePeriodMillis": 3600000,
      "retentionMillis": 5443200000
    },
    "sampleSinceDate": {"$date": "2018-10-22T08:05:16.322Z"},
    "stateNumber": 0,
    "measurementType": "HOST",
    "receivedSinceDate": {"$date": "2018-10-22T08:05:16.322Z"},
    "receivedUntilDate": {"$date": "2018-10-23T08:05:16.322Z"},
    "_id": {"$oid": "5bcd84bc36d1a001a9d7b1e1"},
    "state": "UNSCHEDULED",
    "destinationRetention": {
      "samplePeriodMillis": 86400000,
      "retentionMillis": 3153600000000
    }
  },
  {
    "sourceRetention": {
      "samplePeriodMillis": 3600000,
      "retentionMillis": 5443200000
    },
    "sampleSinceDate": {"$date": "2018-10-22T08:05:16.338Z"},
    "stateNumber": 0,
    "measurementType": "DATABASE",
    "receivedSinceDate": {"$date": "2018-10-22T08:05:16.338Z"},
    "receivedUntilDate": {"$date": "2018-10-23T08:05:16.338Z"},
    "_id": {"$oid": "5bcd84bc36d1a001a9d7b1e2"},
    "state": "UNSCHEDULED",
    "destinationRetention": {
      "samplePeriodMillis": 86400000,
      "retentionMillis": 3153600000000
    }
  }
]