[
  {
    "msg": "Recalculating preferred hostname for server2:27017 from these available options excluding any aliases: [server2:27017, 172.18.0.10:27017]",
    "gid": "5bd966f736d1a001d06bf569",
    "log": "com.xgen.svc.mms.svc.ping.ingestion.SetPreferredHostnameCmd",
    "cat": "INGESTION",
    "cl": 61,
    "tsDebug": "Wed Oct 31 08:29:23 GMT 2018",
    "cm": "exec",
    "mach": "opsmanager-0",
    "_id": {"$oid": "5bd967e636d1a001d06bf91c"},
    "thread": "PingProcessor-10",
    "lev": "INFO",
    "ts": 1540974563612
  },
  {
    "msg": "Recalculating preferred hostname for server1:27017 from these available options excluding any aliases: [server1:27017, 172.18.0.11:27017]",
    "gid": "5bd966f736d1a001d06bf569",
    "log": "com.xgen.svc.mms.svc.ping.ingestion.SetPreferredHostnameCmd",
    "cat": "INGESTION",
    "cl": 61,
    "tsDebug": "Wed Oct 31 08:29:23 GMT 2018",
    "cm": "exec",
    "mach": "opsmanager-0",
    "_id": {"$oid": "5bd967e636d1a001d06bf91b"},
    "thread": "PingProcessor-10",
    "lev": "INFO",
    "ts": 1540974563579
  },
  {
    "msg": "Scheduling round finished. All 0 eligible migrations were scheduled for 0 eligible groups.",
    "log": "com.xgen.svc.mms.svc.ping.migration.GroupRetentionPolicyMigrationSchedulerSvc",
    "cat": "SYSTEM",
    "cl": 159,
    "tsDebug": "Wed Oct 31 08:29:22 GMT 2018",
    "cm": "schedule",
    "mach": "opsmanager-0",
    "_id": {"$oid": "5bd967e636d1a001d06bf91a"},
    "thread": "mms_Worker-24",
    "lev": "INFO",
    "ts": 1540974562449
  },
  {
    "msg": "Scheduling for 0 eligible group(s) with 4 currently available slot(s).",
    "log": "com.xgen.svc.mms.svc.ping.migration.GroupRetentionPolicyMigrationSchedulerSvc",
    "cat": "SYSTEM",
    "cl": 102,
    "tsDebug": "Wed Oct 31 08:29:22 GMT 2018",
    "cm": "schedule",
    "mach": "opsmanager-0",
    "_id": {"$oid": "5bd967e636d1a001d06bf919"},
    "thread": "mms_Worker-24",
    "lev": "INFO",
    "ts": 1540974562429
  },
  {
    "msg": "Processing backup theft alerts for all backups jobs using primary",
    "log": "com.xgen.svc.brs.web.svc.BackupTheftAlertSvc",
    "cat": "SYSTEM",
    "cl": 60,
    "tsDebug": "Wed Oct 31 08:29:22 GMT 2018",
    "cm": "processTheftAlert",
    "mach": "opsmanager-0",
    "_id": {"$oid": "5bd967e636d1a001d06bf918"},
    "thread": "mms_Worker-20",
    "lev": "DEBUG",
    "ts": 1540974562418
  },
  {
    "msg": "Completed discovery for replica set appdb",
    "log": "com.xgen.svc.mms.svc.admin.DeploymentDiscoverySvc",
    "cat": "SYSTEM",
    "cl": 438,
    "tsDebug": "Wed Oct 31 08:29:14 GMT 2018",
    "cm": "discoverReplicaSet",
    "mach": "opsmanager-0",
    "_id": {"$oid": "5bd967dc36d1a001d06bf8bf"},
    "thread": "DeploymentDiscoverySvcDeploymentRefresher-0",
    "lev": "INFO",
    "ts": 1540974554057
  },
  {
    "msg": "Recalculating preferred hostname for server2:27017 from these available options excluding any aliases: [server2:27017, 172.18.0.10:27017]",
    "gid": "5bd966f736d1a001d06bf569",
    "log": "com.xgen.svc.mms.svc.ping.ingestion.SetPreferredHostnameCmd",
    "cat": "INGESTION",
    "cl": 61,
    "tsDebug": "Wed Oct 31 08:29:11 GMT 2018",
    "cm": "exec",
    "mach": "opsmanager-0",
    "_id": {"$oid": "5bd967d736d1a001d06bf8b2"},
    "thread": "PingProcessor-9",
    "lev": "INFO",
    "ts": 1540974551137
  },
  {
    "msg": "Recalculating preferred hostname for server1:27017 from these available options excluding any aliases: [server1:27017, 172.18.0.11:27017]",
    "gid": "5bd966f736d1a001d06bf569",
    "log": "com.xgen.svc.mms.svc.ping.ingestion.SetPreferredHostnameCmd",
    "cat": "INGESTION",
    "cl": 61,
    "tsDebug": "Wed Oct 31 08:29:11 GMT 2018",
    "cm": "exec",
    "mach": "opsmanager-0",
    "_id": {"$oid": "5bd967d736d1a001d06bf8b1"},
    "thread": "PingProcessor-9",
    "lev": "INFO",
    "ts": 1540974551137
  },
  {
    "msg": "Recalculating preferred hostname for server2:27017 from these available options excluding any aliases: [server2:27017, 172.18.0.10:27017]",
    "gid": "5bd966f736d1a001d06bf569",
    "log": "com.xgen.svc.mms.svc.ping.ingestion.SetPreferredHostnameCmd",
    "cat": "INGESTION",
    "cl": 61,
    "tsDebug": "Wed Oct 31 08:28:56 GMT 2018",
    "cm": "exec",
    "mach": "opsmanager-0",
    "_id": {"$oid": "5bd967c836d1a001d06bf87f"},
    "thread": "PingProcessor-8",
    "lev": "INFO",
    "ts": 1540974536151
  },
  {
    "msg": "Recalculating preferred hostname for server1:27017 from these available options excluding any aliases: [server1:27017, 172.18.0.11:27017]",
    "gid": "5bd966f736d1a001d06bf569",
    "log": "com.xgen.svc.mms.svc.ping.ingestion.SetPreferredHostnameCmd",
    "cat": "INGESTION",
    "cl": 61,
    "tsDebug": "Wed Oct 31 08:28:56 GMT 2018",
    "cm": "exec",
    "mach": "opsmanager-0",
    "_id": {"$oid": "5bd967c836d1a001d06bf87e"},
    "thread": "PingProcessor-8",
    "lev": "INFO",
    "ts": 1540974536150
  },
  {
    "msg": "Recalculating preferred hostname for server2:27017 from these available options excluding any aliases: [server2:27017, 172.18.0.10:27017]",
    "gid": "5bd966f736d1a001d06bf569",
    "log": "com.xgen.svc.mms.svc.ping.ingestion.SetPreferredHostnameCmd",
    "cat": "INGESTION",
    "cl": 61,
    "tsDebug": "Wed Oct 31 08:28:43 GMT 2018",
    "cm": "exec",
    "mach": "opsmanager-0",
    "_id": {"$oid": "5bd967be36d1a001d06bf867"},
    "thread": "PingProcessor-7",
    "lev": "INFO",
    "ts": 1540974523525
  },
  {
    "msg": "Recalculating preferred hostname for server1:27017 from these available options excluding any aliases: [server1:27017, 172.18.0.11:27017]",
    "gid": "5bd966f736d1a001d06bf569",
    "log": "com.xgen.svc.mms.svc.ping.ingestion.SetPreferredHostnameCmd",
    "cat": "INGESTION",
    "cl": 61,
    "tsDebug": "Wed Oct 31 08:28:43 GMT 2018",
    "cm": "exec",
    "mach": "opsmanager-0",
    "_id": {"$oid": "5bd967be36d1a001d06bf866"},
    "thread": "PingProcessor-7",
    "lev": "INFO",
    "ts": 1540974523525
  },
  {
    "msg": "Host rollup completed: 'PT10S/PT24H' -> 'PT1M/PT168H', interval 2018-10-31T08:27:28.598Z -> 2018-10-31T08:28:28.598Z, 9 measurement(s)",
    "log": "com.xgen.svc.mms.svc.ping.MetricRollupSvc",
    "cat": "SYSTEM",
    "cl": 257,
    "tsDebug": "Wed Oct 31 08:28:31 GMT 2018",
    "cm": "performRollup",
    "mach": "opsmanager-0",
    "_id": {"$oid": "5bd967b436d1a001d06bf847"},
    "thread": "job-consumer-9",
    "lev": "INFO",
    "ts": 1540974511945
  },
  {
    "msg": "Database rollup completed: 'PT10S/PT24H' -> 'PT1M/PT168H', interval 2018-10-31T08:27:28.644Z -> 2018-10-31T08:28:28.644Z, 0 measurement(s)",
    "log": "com.xgen.svc.mms.svc.ping.MetricRollupSvc",
    "cat": "SYSTEM",
    "cl": 257,
    "tsDebug": "Wed Oct 31 08:28:31 GMT 2018",
    "cm": "performRollup",
    "mach": "opsmanager-0",
    "_id": {"$oid": "5bd967b436d1a001d06bf846"},
    "thread": "job-consumer-8",
    "lev": "INFO",
    "ts": 1540974511567
  },
  {
    "msg": "Beginning metric rollup of DatabaseMeasurementDao from 'PT10S/PT24H' to 'PT1M/PT168H' between interval 2018-10-31T08:27:28.644Z -> 2018-10-31T08:28:28.644Z",
    "log": "com.xgen.svc.mms.svc.ping.MetricRollupSvc",
    "cat": "SYSTEM",
    "cl": 235,
    "tsDebug": "Wed Oct 31 08:28:31 GMT 2018",
    "cm": "performRollup",
    "mach": "opsmanager-0",
    "_id": {"$oid": "5bd967b436d1a001d06bf845"},
    "thread": "job-consumer-8",
    "lev": "INFO",
    "ts": 1540974511561
  },
  {
    "msg": "Beginning metric rollup of HostMeasurementDao from 'PT10S/PT24H' to 'PT1M/PT168H' between interval 2018-10-31T08:27:28.598Z -> 2018-10-31T08:28:28.598Z",
    "log": "com.xgen.svc.mms.svc.ping.MetricRollupSvc",
    "cat": "SYSTEM",
    "cl": 235,
    "tsDebug": "Wed Oct 31 08:28:31 GMT 2018",
    "cm": "performRollup",
    "mach": "opsmanager-0",
    "_id": {"$oid": "5bd967b436d1a001d06bf844"},
    "thread": "job-consumer-9",
    "lev": "INFO",
    "ts": 1540974511478
  },
  {
    "msg": "Recalculating preferred hostname for server1:27017 from these available options excluding any aliases: [server1:27017, 172.18.0.11:27017]",
    "gid": "5bd966f736d1a001d06bf569",
    "log": "com.xgen.svc.mms.svc.ping.ingestion.SetPreferredHostnameCmd",
    "cat": "INGESTION",
    "cl": 61,
    "tsDebug": "Wed Oct 31 08:28:30 GMT 2018",
    "cm": "exec",
    "mach": "opsmanager-0",
    "_id": {"$oid": "5bd967af36d1a001d06bf83a"},
    "thread": "PingProcessor-6",
    "lev": "INFO",
    "ts": 1540974510594
  },
  {
    "msg": "Recalculating preferred hostname for server2:27017 from these available options excluding any aliases: [server2:27017, 172.18.0.10:27017]",
    "gid": "5bd966f736d1a001d06bf569",
    "log": "com.xgen.svc.mms.svc.ping.ingestion.SetPreferredHostnameCmd",
    "cat": "INGESTION",
    "cl": 61,
    "tsDebug": "Wed Oct 31 08:28:30 GMT 2018",
    "cm": "exec",
    "mach": "opsmanager-0",
    "_id": {"$oid": "5bd967af36d1a001d06bf839"},
    "thread": "PingProcessor-6",
    "lev": "INFO",
    "ts": 1540974510594
  },
  {
    "msg": "Deleted 0 stale mongos hosts",
    "log": "com.xgen.svc.mms.svc.host.HostPruningSvc",
    "cat": "SYSTEM",
    "cl": 166,
    "tsDebug": "Wed Oct 31 08:28:22 GMT 2018",
    "cm": "deleteStaleMongoSes",
    "mach": "opsmanager-0",
    "_id": {"$oid": "5bd967aa36d1a001d06bf81f"},
    "thread": "mms_Worker-37",
    "lev": "INFO",
    "ts": 1540974502521
  },
  {
    "msg": "Deleting stale mongos hosts from 0 potential groups",
    "log": "com.xgen.svc.mms.svc.host.HostPruningSvc",
    "cat": "SYSTEM",
    "cl": 120,
    "tsDebug": "Wed Oct 31 08:28:22 GMT 2018",
    "cm": "deleteStaleMongoSes",
    "mach": "opsmanager-0",
    "_id": {"$oid": "5bd967aa36d1a001d06bf81e"},
    "thread": "mms_Worker-37",
    "lev": "INFO",
    "ts": 1540974502521
  },
  {
    "msg": "Scheduling round finished. All 0 eligible migrations were scheduled for 0 eligible groups.",
    "log": "com.xgen.svc.mms.svc.ping.migration.GroupRetentionPolicyMigrationSchedulerSvc",
    "cat": "SYSTEM",
    "cl": 159,
    "tsDebug": "Wed Oct 31 08:28:22 GMT 2018",
    "cm": "schedule",
    "mach": "opsmanager-0",
    "_id": {"$oid": "5bd967aa36d1a001d06bf81d"},
    "thread": "mms_Worker-38",
    "lev": "INFO",
    "ts": 1540974502518
  },
  {
    "msg": "Scheduling for 0 eligible group(s) with 4 currently available slot(s).",
    "log": "com.xgen.svc.mms.svc.ping.migration.GroupRetentionPolicyMigrationSchedulerSvc",
    "cat": "SYSTEM",
    "cl": 102,
    "tsDebug": "Wed Oct 31 08:28:22 GMT 2018",
    "cm": "schedule",
    "mach": "opsmanager-0",
    "_id": {"$oid": "5bd967aa36d1a001d06bf81c"},
    "thread": "mms_Worker-38",
    "lev": "INFO",
    "ts": 1540974502518
  },
  {
    "msg": "Host Cluster audit pruning round finished after removing 0 records before Tue Oct 31 08:28:22 GMT 2017.",
    "log": "com.xgen.svc.mms.svc.host.HostClusterAuditPruningSvc",
    "cat": "SYSTEM",
    "cl": 80,
    "tsDebug": "Wed Oct 31 08:28:22 GMT 2018",
    "cm": "deleteStaleHostClusterAudits",
    "mach": "opsmanager-0",
    "_id": {"$oid": "5bd967aa36d1a001d06bf820"},
    "thread": "mms_Worker-36",
    "lev": "INFO",
    "ts": 1540974502517
  },
  {
    "msg": "Beginning Host Cluster audit pruning until Tue Oct 31 08:28:22 GMT 2017",
    "log": "com.xgen.svc.mms.svc.host.HostClusterAuditPruningSvc",
    "cat": "SYSTEM",
    "cl": 50,
    "tsDebug": "Wed Oct 31 08:28:22 GMT 2018",
    "cm": "deleteStaleHostClusterAudits",
    "mach": "opsmanager-0",
    "_id": {"$oid": "5bd967aa36d1a001d06bf81b"},
    "thread": "mms_Worker-36",
    "lev": "INFO",
    "ts": 1540974502452
  },
  {
    "msg": "Processing backup theft alerts for all backups jobs using primary",
    "log": "com.xgen.svc.brs.web.svc.BackupTheftAlertSvc",
    "cat": "SYSTEM",
    "cl": 60,
    "tsDebug": "Wed Oct 31 08:28:22 GMT 2018",
    "cm": "processTheftAlert",
    "mach": "opsmanager-0",
    "_id": {"$oid": "5bd967aa36d1a001d06bf81a"},
    "thread": "mms_Worker-40",
    "lev": "DEBUG",
    "ts": 1540974502425
  },
  {
    "msg": "Recalculating preferred hostname for server2:27017 from these available options excluding any aliases: [server2:27017, 172.18.0.10:27017]",
    "gid": "5bd966f736d1a001d06bf569",
    "log": "com.xgen.svc.mms.svc.ping.ingestion.SetPreferredHostnameCmd",
    "cat": "INGESTION",
    "cl": 61,
    "tsDebug": "Wed Oct 31 08:28:16 GMT 2018",
    "cm": "exec",
    "mach": "opsmanager-0",
    "_id": {"$oid": "5bd967a536d1a001d06bf7fc"},
    "thread": "PingProcessor-5",
    "lev": "INFO",
    "ts": 1540974496531
  },
  {
    "msg": "Recalculating preferred hostname for server1:27017 from these available options excluding any aliases: [server1:27017, 172.18.0.11:27017]",
    "gid": "5bd966f736d1a001d06bf569",
    "log": "com.xgen.svc.mms.svc.ping.ingestion.SetPreferredHostnameCmd",
    "cat": "INGESTION",
    "cl": 61,
    "tsDebug": "Wed Oct 31 08:28:16 GMT 2018",
    "cm": "exec",
    "mach": "opsmanager-0",
    "_id": {"$oid": "5bd967a536d1a001d06bf7fb"},
    "thread": "PingProcessor-5",
    "lev": "INFO",
    "ts": 1540974496531
  },
  {
    "msg": "Completed discovery for replica set appdb",
    "log": "com.xgen.svc.mms.svc.admin.DeploymentDiscoverySvc",
    "cat": "SYSTEM",
    "cl": 438,
    "tsDebug": "Wed Oct 31 08:28:13 GMT 2018",
    "cm": "discoverReplicaSet",
    "mach": "opsmanager-0",
    "_id": {"$oid": "5bd967a036d1a001d06bf785"},
    "thread": "DeploymentDiscoverySvcDeploymentRefresher-0",
    "lev": "INFO",
    "ts": 1540974493838
  },
  {
    "msg": "Recalculating preferred hostname for server2:27017 from these available options excluding any aliases: [server2:27017, 172.18.0.10:27017]",
    "gid": "5bd966f736d1a001d06bf569",
    "log": "com.xgen.svc.mms.svc.ping.ingestion.SetPreferredHostnameCmd",
    "cat": "INGESTION",
    "cl": 61,
    "tsDebug": "Wed Oct 31 08:28:02 GMT 2018",
    "cm": "exec",
    "mach": "opsmanager-0",
    "_id": {"$oid": "5bd9679636d1a001d06bf764"},
    "thread": "PingProcessor-4",
    "lev": "INFO",
    "ts": 1540974482660
  },
  {
    "msg": "Recalculating preferred hostname for server1:27017 from these available options excluding any aliases: [server1:27017, 172.18.0.11:27017]",
    "gid": "5bd966f736d1a001d06bf569",
    "log": "com.xgen.svc.mms.svc.ping.ingestion.SetPreferredHostnameCmd",
    "cat": "INGESTION",
    "cl": 61,
    "tsDebug": "Wed Oct 31 08:28:02 GMT 2018",
    "cm": "exec",
    "mach": "opsmanager-0",
    "_id": {"$oid": "5bd9679636d1a001d06bf763"},
    "thread": "PingProcessor-4",
    "lev": "INFO",
    "ts": 1540974482657
  },
  {
    "msg": "Recalculating preferred hostname for server1:27017 from these available options excluding any aliases: [server1:27017, 172.18.0.11:27017]",
    "gid": "5bd966f736d1a001d06bf569",
    "log": "com.xgen.svc.mms.svc.ping.ingestion.SetPreferredHostnameCmd",
    "cat": "INGESTION",
    "cl": 61,
    "tsDebug": "Wed Oct 31 08:27:48 GMT 2018",
    "cm": "exec",
    "mach": "opsmanager-0",
    "_id": {"$oid": "5bd9678736d1a001d06bf73a"},
    "thread": "PingProcessor-3",
    "lev": "INFO",
    "ts": 1540974468462
  },
  {
    "msg": "Recalculating preferred hostname for server2:27017 from these available options excluding any aliases: [server2:27017, 172.18.0.10:27017]",
    "gid": "5bd966f736d1a001d06bf569",
    "log": "com.xgen.svc.mms.svc.ping.ingestion.SetPreferredHostnameCmd",
    "cat": "INGESTION",
    "cl": 61,
    "tsDebug": "Wed Oct 31 08:27:48 GMT 2018",
    "cm": "exec",
    "mach": "opsmanager-0",
    "_id": {"$oid": "5bd9678736d1a001d06bf739"},
    "thread": "PingProcessor-3",
    "lev": "INFO",
    "ts": 1540974468461
  },
  {
    "msg": "Wrote cookie for opslaunch@example.com",
    "log": "com.xgen.svc.mms.res.UserResource",
    "cat": "UI",
    "cl": 1208,
    "tsDebug": "Wed Oct 31 08:27:46 GMT 2018",
    "cm": "translateAuthErrorCode",
    "mach": "opsmanager-0",
    "_id": {"$oid": "5bd9678736d1a001d06bf738"},
    "thread": "JettyHttpPool-315",
    "lev": "INFO",
    "ts": 1540974466905
  },
  {
    "msg": "Login attempt from addr=\"192.168.99.1\" username=\"opslaunch@example.com\" result=NONE",
    "log": "com.xgen.svc.mms.res.UserResource",
    "cat": "UI",
    "cl": 1141,
    "tsDebug": "Wed Oct 31 08:27:46 GMT 2018",
    "cm": "authV1",
    "mach": "opsmanager-0",
    "_id": {"$oid": "5bd9678736d1a001d06bf737"},
    "thread": "JettyHttpPool-315",
    "lev": "INFO",
    "ts": 1540974466858
  },
  {
    "msg": "Database rollup completed: 'PT10S/PT24H' -> 'PT1M/PT168H', interval 2018-10-31T08:26:28.644Z -> 2018-10-31T08:27:28.644Z, 0 measurement(s)",
    "log": "com.xgen.svc.mms.svc.ping.MetricRollupSvc",
    "cat": "SYSTEM",
    "cl": 257,
    "tsDebug": "Wed Oct 31 08:27:35 GMT 2018",
    "cm": "performRollup",
    "mach": "opsmanager-0",
    "_id": {"$oid": "5bd9677836d1a001d06bf70f"},
    "thread": "job-consumer-9",
    "lev": "INFO",
    "ts": 1540974455140
  },
  {
    "msg": "Host rollup completed: 'PT10S/PT24H' -> 'PT1M/PT168H', interval 2018-10-31T08:26:28.598Z -> 2018-10-31T08:27:28.598Z, 0 measurement(s)",
    "log": "com.xgen.svc.mms.svc.ping.MetricRollupSvc",
    "cat": "SYSTEM",
    "cl": 257,
    "tsDebug": "Wed Oct 31 08:27:35 GMT 2018",
    "cm": "performRollup",
    "mach": "opsmanager-0",
    "_id": {"$oid": "5bd9677836d1a001d06bf70e"},
    "thread": "job-consumer-8",
    "lev": "INFO",
    "ts": 1540974455116
  },
  {
    "msg": "Beginning metric rollup of DatabaseMeasurementDao from 'PT10S/PT24H' to 'PT1M/PT168H' between interval 2018-10-31T08:26:28.644Z -> 2018-10-31T08:27:28.644Z",
    "log": "com.xgen.svc.mms.svc.ping.MetricRollupSvc",
    "cat": "SYSTEM",
    "cl": 235,
    "tsDebug": "Wed Oct 31 08:27:35 GMT 2018",
    "cm": "performRollup",
    "mach": "opsmanager-0",
    "_id": {"$oid": "5bd9677836d1a001d06bf70d"},
    "thread": "job-consumer-9",
    "lev": "INFO",
    "ts": 1540974455111
  },
  {
    "msg": "Beginning metric rollup of HostMeasurementDao from 'PT10S/PT24H' to 'PT1M/PT168H' between interval 2018-10-31T08:26:28.598Z -> 2018-10-31T08:27:28.598Z",
    "log": "com.xgen.svc.mms.svc.ping.MetricRollupSvc",
    "cat": "SYSTEM",
    "cl": 235,
    "tsDebug": "Wed Oct 31 08:27:35 GMT 2018",
    "cm": "performRollup",
    "mach": "opsmanager-0",
    "_id": {"$oid": "5bd9677836d1a001d06bf70c"},
    "thread": "job-consumer-8",
    "lev": "INFO",
    "ts": 1540974455091
  },
  {
    "msg": "Recalculating preferred hostname for server2:27017 from these available options excluding any aliases: [server2:27017, 172.18.0.10:27017]",
    "gid": "5bd966f736d1a001d06bf569",
    "log": "com.xgen.svc.mms.svc.ping.ingestion.SetPreferredHostnameCmd",
    "cat": "INGESTION",
    "cl": 61,
    "tsDebug": "Wed Oct 31 08:27:32 GMT 2018",
    "cm": "exec",
    "mach": "opsmanager-0",
    "_id": {"$oid": "5bd9677836d1a001d06bf70b"},
    "thread": "PingProcessor-2",
    "lev": "INFO",
    "ts": 1540974452219
  },
  {
    "msg": "Recalculating preferred hostname for server1:27017 from these available options excluding any aliases: [server1:27017, 172.18.0.11:27017]",
    "gid": "5bd966f736d1a001d06bf569",
    "log": "com.xgen.svc.mms.svc.ping.ingestion.SetPreferredHostnameCmd",
    "cat": "INGESTION",
    "cl": 61,
    "tsDebug": "Wed Oct 31 08:27:32 GMT 2018",
    "cm": "exec",
    "mach": "opsmanager-0",
    "_id": {"$oid": "5bd9677836d1a001d06bf70a"},
    "thread": "PingProcessor-2",
    "lev": "INFO",
    "ts": 1540974452216
  },
  {
    "msg": "Scheduling round finished. All 0 eligible migrations were scheduled for 0 eligible groups.",
    "log": "com.xgen.svc.mms.svc.ping.migration.GroupRetentionPolicyMigrationSchedulerSvc",
    "cat": "SYSTEM",
    "cl": 159,
    "tsDebug": "Wed Oct 31 08:27:24 GMT 2018",
    "cm": "schedule",
    "mach": "opsmanager-0",
    "_id": {"$oid": "5bd9676e36d1a001d06bf6e5"},
    "thread": "mms_Worker-2",
    "lev": "INFO",
    "ts": 1540974444961
  },
  {
    "msg": "Scheduling for 0 eligible group(s) with 4 currently available slot(s).",
    "log": "com.xgen.svc.mms.svc.ping.migration.GroupRetentionPolicyMigrationSchedulerSvc",
    "cat": "SYSTEM",
    "cl": 102,
    "tsDebug": "Wed Oct 31 08:27:24 GMT 2018",
    "cm": "schedule",
    "mach": "opsmanager-0",
    "_id": {"$oid": "5bd9676e36d1a001d06bf6e4"},
    "thread": "mms_Worker-2",
    "lev": "INFO",
    "ts": 1540974444961
  },
  {
    "msg": "Processing backup theft alerts for all backups jobs using primary",
    "log": "com.xgen.svc.brs.web.svc.BackupTheftAlertSvc",
    "cat": "SYSTEM",
    "cl": 60,
    "tsDebug": "Wed Oct 31 08:27:24 GMT 2018",
    "cm": "processTheftAlert",
    "mach": "opsmanager-0",
    "_id": {"$oid": "5bd9676e36d1a001d06bf6e3"},
    "thread": "mms_Worker-4",
    "lev": "DEBUG",
    "ts": 1540974444879
  },
  {
    "msg": "Login attempt from addr=\"192.168.99.1\" username=\"opslaunch@example.com\" result=INVALID_USER_AUTH",
    "log": "com.xgen.svc.mms.res.UserResource",
    "cat": "UI",
    "cl": 1130,
    "tsDebug": "Wed Oct 31 08:27:20 GMT 2018",
    "cm": "authV1",
    "mach": "opsmanager-0",
    "_id": {"$oid": "5bd9676936d1a001d06bf6d1"},
    "thread": "JettyHttpPool-119",
    "lev": "INFO",
    "ts": 1540974440058
  },
  {
    "msg": "Completed discovery for replica set appdb",
    "log": "com.xgen.svc.mms.svc.admin.DeploymentDiscoverySvc",
    "cat": "SYSTEM",
    "cl": 438,
    "tsDebug": "Wed Oct 31 08:27:14 GMT 2018",
    "cm": "discoverReplicaSet",
    "mach": "opsmanager-0",
    "_id": {"$oid": "5bd9676436d1a001d06bf6a6"},
    "thread": "DeploymentDiscoverySvcDeploymentRefresher-0",
    "lev": "INFO",
    "ts": 1540974434233
  },
  {
    "msg": "Login attempt from addr=\"192.168.99.1\" username=\"opslaunch@example.com\" result=INVALID_USER_AUTH",
    "log": "com.xgen.svc.mms.res.UserResource",
    "cat": "UI",
    "cl": 1130,
    "tsDebug": "Wed Oct 31 08:27:06 GMT 2018",
    "cm": "authV1",
    "mach": "opsmanager-0",
    "_id": {"$oid": "5bd9675f36d1a001d06bf69d"},
    "thread": "JettyHttpPool-83",
    "lev": "INFO",
    "ts": 1540974426644
  },
  {
    "msg": "UpdateProcessesForMonitoringJobHandler is executing",
    "gid": "5bd966f736d1a001d06bf569",
    "log": "com.xgen.svc.atm.provisioning.handlers.UpdateProcessesForMonitoringJobHandler",
    "cat": "JOB_QUEUE",
    "cl": 48,
    "tsDebug": "Wed Oct 31 08:26:53 GMT 2018",
    "cm": "handleWork",
    "mach": "opsmanager-0",
    "_id": {"$oid": "5bd9675036d1a001d06bf62e"},
    "thread": "job-consumer-6",
    "lev": "INFO",
    "ts": 1540974413168
  },
  {
    "msg": "Database rollup completed: 'PT10S/PT24H' -> 'PT1M/PT168H', interval 2018-10-31T08:25:28.644Z -> 2018-10-31T08:26:28.644Z, 0 measurement(s)",
    "log": "com.xgen.svc.mms.svc.ping.MetricRollupSvc",
    "cat": "SYSTEM",
    "cl": 257,
    "tsDebug": "Wed Oct 31 08:26:32 GMT 2018",
    "cm": "performRollup",
    "mach": "opsmanager-0",
    "_id": {"$oid": "5bd9673c36d1a001d06bf5dc"},
    "thread": "job-consumer-4",
    "lev": "INFO",
    "ts": 1540974392964
  },
  {
    "msg": "Host rollup completed: 'PT10S/PT24H' -> 'PT1M/PT168H', interval 2018-10-31T08:25:28.598Z -> 2018-10-31T08:26:28.598Z, 0 measurement(s)",
    "log": "com.xgen.svc.mms.svc.ping.MetricRollupSvc",
    "cat": "SYSTEM",
    "cl": 257,
    "tsDebug": "Wed Oct 31 08:26:32 GMT 2018",
    "cm": "performRollup",
    "mach": "opsmanager-0",
    "_id": {"$oid": "5bd9673c36d1a001d06bf5db"},
    "thread": "job-consumer-3",
    "lev": "INFO",
    "ts": 1540974392959
  },
  {
    "msg": "Beginning metric rollup of DatabaseMeasurementDao from 'PT10S/PT24H' to 'PT1M/PT168H' between interval 2018-10-31T08:25:28.644Z -> 2018-10-31T08:26:28.644Z",
    "log": "com.xgen.svc.mms.svc.ping.MetricRollupSvc",
    "cat": "SYSTEM",
    "cl": 235,
    "tsDebug": "Wed Oct 31 08:26:32 GMT 2018",
    "cm": "performRollup",
    "mach": "opsmanager-0",
    "_id": {"$oid": "5bd9673c36d1a001d06bf5da"},
    "thread": "job-consumer-4",
    "lev": "INFO",
    "ts": 1540974392938
  },
  {
    "msg": "Beginning metric rollup of HostMeasurementDao from 'PT10S/PT24H' to 'PT1M/PT168H' between interval 2018-10-31T08:25:28.598Z -> 2018-10-31T08:26:28.598Z",
    "log": "com.xgen.svc.mms.svc.ping.MetricRollupSvc",
    "cat": "SYSTEM",
    "cl": 235,
    "tsDebug": "Wed Oct 31 08:26:32 GMT 2018",
    "cm": "performRollup",
    "mach": "opsmanager-0",
    "_id": {"$oid": "5bd9673c36d1a001d06bf5d9"},
    "thread": "job-consumer-3",
    "lev": "INFO",
    "ts": 1540974392907
  },
  {
    "msg": "Could not connect to SMTP host: localhost, port: 80",
    "threw": {
      "msg": "Could not connect to SMTP host: localhost, port: 80",
      "stacktrace": [
        {
          "file": "SMTPTransport.java",
          "method": "openServer",
          "native": false,
          "line": 1961,
          "class": "com.sun.mail.smtp.SMTPTransport"
        },
        {
          "file": "SMTPTransport.java",
          "method": "protocolConnect",
          "native": false,
          "line": 654,
          "class": "com.sun.mail.smtp.SMTPTransport"
        },
        {
          "file": "Service.java",
          "method": "connect",
          "native": false,
          "line": 295,
          "class": "javax.mail.Service"
        },
        {
          "file": "Service.java",
          "method": "connect",
          "native": false,
          "line": 176,
          "class": "javax.mail.Service"
        },
        {
          "file": "Service.java",
          "method": "connect",
          "native": false,
          "line": 125,
          "class": "javax.mail.Service"
        },
        {
          "file": "Transport.java",
          "method": "send0",
          "native": false,
          "line": 194,
          "class": "javax.mail.Transport"
        },
        {
          "file": "Transport.java",
          "method": "send",
          "native": false,
          "line": 124,
          "class": "javax.mail.Transport"
        },
        {
          "file": "JavaEmailDao.java",
          "method": "send",
          "native": false,
          "line": 27,
          "class": "com.xgen.svc.core.dao.email.JavaEmailDao"
        },
        {
          "file": "EmailSvc.java",
          "method": "send",
          "native": false,
          "line": 36,
          "class": "com.xgen.svc.core.svc.email.EmailSvc"
        },
        {
          "file": "EmailNotifier.java",
          "method": "sendHtmlEmail",
          "native": false,
          "line": 116,
          "class": "com.xgen.svc.mms.svc.alert.notify.EmailNotifier"
        },
        {
          "file": "AdminNotifier.java",
          "method": "doSendNotification",
          "native": false,
          "line": 46,
          "class": "com.xgen.svc.mms.svc.alert.notify.AdminNotifier"
        },
        {
          "file": "AdminNotifier.java",
          "method": "doSendNotification",
          "native": false,
          "line": 17,
          "class": "com.xgen.svc.mms.svc.alert.notify.AdminNotifier"
        },
        {
          "file": "DigestNotifier.java",
          "method": "sendNotification",
          "native": false,
          "line": 188,
          "class": "com.xgen.svc.mms.svc.alert.notify.DigestNotifier"
        },
        {
          "file": "DigestNotifier.java",
          "method": "addAlertNotification",
          "native": false,
          "line": 88,
          "class": "com.xgen.svc.mms.svc.alert.notify.DigestNotifier"
        },
        {
          "file": "DigestNotifier.java",
          "method": "open",
          "native": false,
          "line": 222,
          "class": "com.xgen.svc.mms.svc.alert.notify.DigestNotifier"
        },
        {
          "file": "NotificationSvc.java",
          "method": "exec",
          "native": false,
          "line": 166,
          "class": "com.xgen.svc.mms.svc.alert.NotificationSvc$Op$1"
        },
        {
          "file": "NotificationSvc.java",
          "method": "exec",
          "native": false,
          "line": 287,
          "class": "com.xgen.svc.mms.svc.alert.NotificationSvc"
        },
        {
          "file": "NotificationSvc.java",
          "method": "open",
          "native": false,
          "line": 240,
          "class": "com.xgen.svc.mms.svc.alert.NotificationSvc"
        },
        {
          "file": "AlertStateSvc.java",
          "method": "open",
          "native": false,
          "line": 59,
          "class": "com.xgen.svc.mms.svc.alert.AlertStateSvc"
        },
        {
          "file": "AlertProcessingSvc.java",
          "method": "runAlertCheck",
          "native": false,
          "line": 233,
          "class": "com.xgen.svc.mms.svc.alert.AlertProcessingSvc"
        },
        {
          "file": "AlertProcessingSvc.java",
          "method": "runAlertChecks",
          "native": false,
          "line": 75,
          "class": "com.xgen.svc.mms.svc.alert.AlertProcessingSvc"
        },
        {
          "file": "SystemAlertProcessingSvc.java",
          "method": "runSystemAlertChecks",
          "native": false,
          "line": 91,
          "class": "com.xgen.svc.mms.svc.alert.SystemAlertProcessingSvc"
        },
        {
          "file": "SystemAlertProcessingSvc.java",
          "method": "processAlerts",
          "native": false,
          "line": 59,
          "class": "com.xgen.svc.mms.svc.alert.SystemAlertProcessingSvc"
        },
        {
          "file": "SimpleJob.java",
          "method": "execute",
          "native": false,
          "line": 36,
          "class": "com.xgen.svc.core.svc.cron.SimpleJob"
        },
        {
          "file": "CronJob.java",
          "method": "execute",
          "native": false,
          "line": 27,
          "class": "com.xgen.svc.core.svc.cron.CronJob"
        },
        {
          "file": "JobRunShell.java",
          "method": "run",
          "native": false,
          "line": 202,
          "class": "org.quartz.core.JobRunShell"
        },
        {
          "file": "SimpleThreadPool.java",
          "method": "run",
          "native": false,
          "line": 573,
          "class": "org.quartz.simpl.SimpleThreadPool$WorkerThread"
        }
      ],
      "causedBy": {
        "msg": "Connection refused (Connection refused)",
        "stacktrace": [
          {
            "file": "PlainSocketImpl.java",
            "method": "socketConnect",
            "native": true,
            "line": -2,
            "class": "java.net.PlainSocketImpl"
          },
          {
            "file": "AbstractPlainSocketImpl.java",
            "method": "doConnect",
            "native": false,
            "line": 350,
            "class": "java.net.AbstractPlainSocketImpl"
          },
          {
            "file": "AbstractPlainSocketImpl.java",
            "method": "connectToAddress",
            "native": false,
            "line": 206,
            "class": "java.net.AbstractPlainSocketImpl"
          },
          {
            "file": "AbstractPlainSocketImpl.java",
            "method": "connect",
            "native": false,
            "line": 188,
            "class": "java.net.AbstractPlainSocketImpl"
          },
          {
            "file": "SocksSocketImpl.java",
            "method": "connect",
            "native": false,
            "line": 392,
            "class": "java.net.SocksSocketImpl"
          },
          {
            "file": "Socket.java",
            "method": "connect",
            "native": false,
            "line": 589,
            "class": "java.net.Socket"
          },
          {
            "file": "Socket.java",
            "method": "connect",
            "native": false,
            "line": 538,
            "class": "java.net.Socket"
          },
          {
            "file": "SocketFetcher.java",
            "method": "createSocket",
            "native": false,
            "line": 321,
            "class": "com.sun.mail.util.SocketFetcher"
          },
          {
            "file": "SocketFetcher.java",
            "method": "getSocket",
            "native": false,
            "line": 237,
            "class": "com.sun.mail.util.SocketFetcher"
          },
          {
            "file": "SMTPTransport.java",
            "method": "openServer",
            "native": false,
            "line": 1927,
            "class": "com.sun.mail.smtp.SMTPTransport"
          },
          {
            "file": "SMTPTransport.java",
            "method": "protocolConnect",
            "native": false,
            "line": 654,
            "class": "com.sun.mail.smtp.SMTPTransport"
          },
          {
            "file": "Service.java",
            "method": "connect",
            "native": false,
            "line": 295,
            "class": "javax.mail.Service"
          },
          {
            "file": "Service.java",
            "method": "connect",
            "native": false,
            "line": 176,
            "class": "javax.mail.Service"
          },
          {
            "file": "Service.java",
            "method": "connect",
            "native": false,
            "line": 125,
            "class": "javax.mail.Service"
          },
          {
            "file": "Transport.java",
            "method": "send0",
            "native": false,
            "line": 194,
            "class": "javax.mail.Transport"
          },
          {
            "file": "Transport.java",
            "method": "send",
            "native": false,
            "line": 124,
            "class": "javax.mail.Transport"
          },
          {
            "file": "JavaEmailDao.java",
            "method": "send",
            "native": false,
            "line": 27,
            "class": "com.xgen.svc.core.dao.email.JavaEmailDao"
          },
          {
            "file": "EmailSvc.java",
            "method": "send",
            "native": false,
            "line": 36,
            "class": "com.xgen.svc.core.svc.email.EmailSvc"
          },
          {
            "file": "EmailNotifier.java",
            "method": "sendHtmlEmail",
            "native": false,
            "line": 116,
            "class": "com.xgen.svc.mms.svc.alert.notify.EmailNotifier"
          },
          {
            "file": "AdminNotifier.java",
            "method": "doSendNotification",
            "native": false,
            "line": 46,
            "class": "com.xgen.svc.mms.svc.alert.notify.AdminNotifier"
          },
          {
            "file": "AdminNotifier.java",
            "method": "doSendNotification",
            "native": false,
            "line": 17,
            "class": "com.xgen.svc.mms.svc.alert.notify.AdminNotifier"
          },
          {
            "file": "DigestNotifier.java",
            "method": "sendNotification",
            "native": false,
            "line": 188,
            "class": "com.xgen.svc.mms.svc.alert.notify.DigestNotifier"
          },
          {
            "file": "DigestNotifier.java",
            "method": "addAlertNotification",
            "native": false,
            "line": 88,
            "class": "com.xgen.svc.mms.svc.alert.notify.DigestNotifier"
          },
          {
            "file": "DigestNotifier.java",
            "method": "open",
            "native": false,
            "line": 222,
            "class": "com.xgen.svc.mms.svc.alert.notify.DigestNotifier"
          },
          {
            "file": "NotificationSvc.java",
            "method": "exec",
            "native": false,
            "line": 166,
            "class": "com.xgen.svc.mms.svc.alert.NotificationSvc$Op$1"
          },
          {
            "file": "NotificationSvc.java",
            "method": "exec",
            "native": false,
            "line": 287,
            "class": "com.xgen.svc.mms.svc.alert.NotificationSvc"
          },
          {
            "file": "NotificationSvc.java",
            "method": "open",
            "native": false,
            "line": 240,
            "class": "com.xgen.svc.mms.svc.alert.NotificationSvc"
          },
          {
            "file": "AlertStateSvc.java",
            "method": "open",
            "native": false,
            "line": 59,
            "class": "com.xgen.svc.mms.svc.alert.AlertStateSvc"
          },
          {
            "file": "AlertProcessingSvc.java",
            "method": "runAlertCheck",
            "native": false,
            "line": 233,
            "class": "com.xgen.svc.mms.svc.alert.AlertProcessingSvc"
          },
          {
            "file": "AlertProcessingSvc.java",
            "method": "runAlertChecks",
            "native": false,
            "line": 75,
            "class": "com.xgen.svc.mms.svc.alert.AlertProcessingSvc"
          },
          {
            "file": "SystemAlertProcessingSvc.java",
            "method": "runSystemAlertChecks",
            "native": false,
            "line": 91,
            "class": "com.xgen.svc.mms.svc.alert.SystemAlertProcessingSvc"
          },
          {
            "file": "SystemAlertProcessingSvc.java",
            "method": "processAlerts",
            "native": false,
            "line": 59,
            "class": "com.xgen.svc.mms.svc.alert.SystemAlertProcessingSvc"
          },
          {
            "file": "SimpleJob.java",
            "method": "execute",
            "native": false,
            "line": 36,
            "class": "com.xgen.svc.core.svc.cron.SimpleJob"
          },
          {
            "file": "CronJob.java",
            "method": "execute",
            "native": false,
            "line": 27,
            "class": "com.xgen.svc.core.svc.cron.CronJob"
          },
          {
            "file": "JobRunShell.java",
            "method": "run",
            "native": false,
            "line": 202,
            "class": "org.quartz.core.JobRunShell"
          },
          {
            "file": "SimpleThreadPool.java",
            "method": "run",
            "native": false,
            "line": 573,
            "class": "org.quartz.simpl.SimpleThreadPool$WorkerThread"
          }
        ],
        "class": "java.net.ConnectException"
      },
      "class": "javax.mail.MessagingException"
    },
    "log": "com.xgen.svc.core.dao.email.JavaEmailDao",
    "cat": "SYSTEM",
    "cl": 41,
    "tsDebug": "Wed Oct 31 08:26:32 GMT 2018",
    "cm": "send",
    "mach": "opsmanager-0",
    "_id": {"$oid": "5bd9673c36d1a001d06bf5d7"},
    "thread": "mms_Worker-20",
    "lev": "ERROR",
    "ts": 1540974392122
  },
  {
    "msg": "Failed to send email notification: to=opsmanager@no-replay.com, orgId=N/A, groupId=N/A, reason=Could not connect to SMTP host: localhost, port: 80",
    "log": "com.xgen.svc.mms.svc.alert.notify.EmailNotifier",
    "cat": "SYSTEM",
    "cl": 128,
    "tsDebug": "Wed Oct 31 08:26:32 GMT 2018",
    "cm": "sendHtmlEmail",
    "mach": "opsmanager-0",
    "_id": {"$oid": "5bd9673c36d1a001d06bf5d8"},
    "thread": "mms_Worker-20",
    "lev": "WARN",
    "ts": 1540974392122
  },
  {
    "msg": "Failed to send email notification: to=opsmanager@no-replay.com, orgId=N/A, groupId=N/A, reason=Could not connect to SMTP host: localhost, port: 80",
    "log": "com.xgen.svc.mms.svc.alert.notify.EmailNotifier",
    "cat": "SYSTEM",
    "cl": 128,
    "tsDebug": "Wed Oct 31 08:26:31 GMT 2018",
    "cm": "sendHtmlEmail",
    "mach": "opsmanager-0",
    "_id": {"$oid": "5bd9673c36d1a001d06bf5d6"},
    "thread": "mms_Worker-20",
    "lev": "WARN",
    "ts": 1540974391863
  },
  {
    "msg": "Could not connect to SMTP host: localhost, port: 80",
    "threw": {
      "msg": "Could not connect to SMTP host: localhost, port: 80",
      "stacktrace": [
        {
          "file": "SMTPTransport.java",
          "method": "openServer",
          "native": false,
          "line": 1961,
          "class": "com.sun.mail.smtp.SMTPTransport"
        },
        {
          "file": "SMTPTransport.java",
          "method": "protocolConnect",
          "native": false,
          "line": 654,
          "class": "com.sun.mail.smtp.SMTPTransport"
        },
        {
          "file": "Service.java",
          "method": "connect",
          "native": false,
          "line": 295,
          "class": "javax.mail.Service"
        },
        {
          "file": "Service.java",
          "method": "connect",
          "native": false,
          "line": 176,
          "class": "javax.mail.Service"
        },
        {
          "file": "Service.java",
          "method": "connect",
          "native": false,
          "line": 125,
          "class": "javax.mail.Service"
        },
        {
          "file": "Transport.java",
          "method": "send0",
          "native": false,
          "line": 194,
          "class": "javax.mail.Transport"
        },
        {
          "file": "Transport.java",
          "method": "send",
          "native": false,
          "line": 124,
          "class": "javax.mail.Transport"
        },
        {
          "file": "JavaEmailDao.java",
          "method": "send",
          "native": false,
          "line": 27,
          "class": "com.xgen.svc.core.dao.email.JavaEmailDao"
        },
        {
          "file": "EmailSvc.java",
          "method": "send",
          "native": false,
          "line": 36,
          "class": "com.xgen.svc.core.svc.email.EmailSvc"
        },
        {
          "file": "EmailNotifier.java",
          "method": "sendHtmlEmail",
          "native": false,
          "line": 116,
          "class": "com.xgen.svc.mms.svc.alert.notify.EmailNotifier"
        },
        {
          "file": "AdminNotifier.java",
          "method": "doSendNotification",
          "native": false,
          "line": 46,
          "class": "com.xgen.svc.mms.svc.alert.notify.AdminNotifier"
        },
        {
          "file": "AdminNotifier.java",
          "method": "doSendNotification",
          "native": false,
          "line": 17,
          "class": "com.xgen.svc.mms.svc.alert.notify.AdminNotifier"
        },
        {
          "file": "DigestNotifier.java",
          "method": "sendNotification",
          "native": false,
          "line": 188,
          "class": "com.xgen.svc.mms.svc.alert.notify.DigestNotifier"
        },
        {
          "file": "DigestNotifier.java",
          "method": "addAlertNotification",
          "native": false,
          "line": 88,
          "class": "com.xgen.svc.mms.svc.alert.notify.DigestNotifier"
        },
        {
          "file": "DigestNotifier.java",
          "method": "open",
          "native": false,
          "line": 222,
          "class": "com.xgen.svc.mms.svc.alert.notify.DigestNotifier"
        },
        {
          "file": "NotificationSvc.java",
          "method": "exec",
          "native": false,
          "line": 166,
          "class": "com.xgen.svc.mms.svc.alert.NotificationSvc$Op$1"
        },
        {
          "file": "NotificationSvc.java",
          "method": "exec",
          "native": false,
          "line": 287,
          "class": "com.xgen.svc.mms.svc.alert.NotificationSvc"
        },
        {
          "file": "NotificationSvc.java",
          "method": "open",
          "native": false,
          "line": 240,
          "class": "com.xgen.svc.mms.svc.alert.NotificationSvc"
        },
        {
          "file": "AlertStateSvc.java",
          "method": "open",
          "native": false,
          "line": 59,
          "class": "com.xgen.svc.mms.svc.alert.AlertStateSvc"
        },
        {
          "file": "AlertProcessingSvc.java",
          "method": "runAlertCheck",
          "native": false,
          "line": 233,
          "class": "com.xgen.svc.mms.svc.alert.AlertProcessingSvc"
        },
        {
          "file": "AlertProcessingSvc.java",
          "method": "runAlertChecks",
          "native": false,
          "line": 75,
          "class": "com.xgen.svc.mms.svc.alert.AlertProcessingSvc"
        },
        {
          "file": "SystemAlertProcessingSvc.java",
          "method": "runSystemAlertChecks",
          "native": false,
          "line": 91,
          "class": "com.xgen.svc.mms.svc.alert.SystemAlertProcessingSvc"
        },
        {
          "file": "SystemAlertProcessingSvc.java",
          "method": "processAlerts",
          "native": false,
          "line": 59,
          "class": "com.xgen.svc.mms.svc.alert.SystemAlertProcessingSvc"
        },
        {
          "file": "SimpleJob.java",
          "method": "execute",
          "native": false,
          "line": 36,
          "class": "com.xgen.svc.core.svc.cron.SimpleJob"
        },
        {
          "file": "CronJob.java",
          "method": "execute",
          "native": false,
          "line": 27,
          "class": "com.xgen.svc.core.svc.cron.CronJob"
        },
        {
          "file": "JobRunShell.java",
          "method": "run",
          "native": false,
          "line": 202,
          "class": "org.quartz.core.JobRunShell"
        },
        {
          "file": "SimpleThreadPool.java",
          "method": "run",
          "native": false,
          "line": 573,
          "class": "org.quartz.simpl.SimpleThreadPool$WorkerThread"
        }
      ],
      "causedBy": {
        "msg": "Connection refused (Connection refused)",
        "stacktrace": [
          {
            "file": "PlainSocketImpl.java",
            "method": "socketConnect",
            "native": true,
            "line": -2,
            "class": "java.net.PlainSocketImpl"
          },
          {
            "file": "AbstractPlainSocketImpl.java",
            "method": "doConnect",
            "native": false,
            "line": 350,
            "class": "java.net.AbstractPlainSocketImpl"
          },
          {
            "file": "AbstractPlainSocketImpl.java",
            "method": "connectToAddress",
            "native": false,
            "line": 206,
            "class": "java.net.AbstractPlainSocketImpl"
          },
          {
            "file": "AbstractPlainSocketImpl.java",
            "method": "connect",
            "native": false,
            "line": 188,
            "class": "java.net.AbstractPlainSocketImpl"
          },
          {
            "file": "SocksSocketImpl.java",
            "method": "connect",
            "native": false,
            "line": 392,
            "class": "java.net.SocksSocketImpl"
          },
          {
            "file": "Socket.java",
            "method": "connect",
            "native": false,
            "line": 589,
            "class": "java.net.Socket"
          },
          {
            "file": "Socket.java",
            "method": "connect",
            "native": false,
            "line": 538,
            "class": "java.net.Socket"
          },
          {
            "file": "SocketFetcher.java",
            "method": "createSocket",
            "native": false,
            "line": 321,
            "class": "com.sun.mail.util.SocketFetcher"
          },
          {
            "file": "SocketFetcher.java",
            "method": "getSocket",
            "native": false,
            "line": 237,
            "class": "com.sun.mail.util.SocketFetcher"
          },
          {
            "file": "SMTPTransport.java",
            "method": "openServer",
            "native": false,
            "line": 1927,
            "class": "com.sun.mail.smtp.SMTPTransport"
          },
          {
            "file": "SMTPTransport.java",
            "method": "protocolConnect",
            "native": false,
            "line": 654,
            "class": "com.sun.mail.smtp.SMTPTransport"
          },
          {
            "file": "Service.java",
            "method": "connect",
            "native": false,
            "line": 295,
            "class": "javax.mail.Service"
          },
          {
            "file": "Service.java",
            "method": "connect",
            "native": false,
            "line": 176,
            "class": "javax.mail.Service"
          },
          {
            "file": "Service.java",
            "method": "connect",
            "native": false,
            "line": 125,
            "class": "javax.mail.Service"
          },
          {
            "file": "Transport.java",
            "method": "send0",
            "native": false,
            "line": 194,
            "class": "javax.mail.Transport"
          },
          {
            "file": "Transport.java",
            "method": "send",
            "native": false,
            "line": 124,
            "class": "javax.mail.Transport"
          },
          {
            "file": "JavaEmailDao.java",
            "method": "send",
            "native": false,
            "line": 27,
            "class": "com.xgen.svc.core.dao.email.JavaEmailDao"
          },
          {
            "file": "EmailSvc.java",
            "method": "send",
            "native": false,
            "line": 36,
            "class": "com.xgen.svc.core.svc.email.EmailSvc"
          },
          {
            "file": "EmailNotifier.java",
            "method": "sendHtmlEmail",
            "native": false,
            "line": 116,
            "class": "com.xgen.svc.mms.svc.alert.notify.EmailNotifier"
          },
          {
            "file": "AdminNotifier.java",
            "method": "doSendNotification",
            "native": false,
            "line": 46,
            "class": "com.xgen.svc.mms.svc.alert.notify.AdminNotifier"
          },
          {
            "file": "AdminNotifier.java",
            "method": "doSendNotification",
            "native": false,
            "line": 17,
            "class": "com.xgen.svc.mms.svc.alert.notify.AdminNotifier"
          },
          {
            "file": "DigestNotifier.java",
            "method": "sendNotification",
            "native": false,
            "line": 188,
            "class": "com.xgen.svc.mms.svc.alert.notify.DigestNotifier"
          },
          {
            "file": "DigestNotifier.java",
            "method": "addAlertNotification",
            "native": false,
            "line": 88,
            "class": "com.xgen.svc.mms.svc.alert.notify.DigestNotifier"
          },
          {
            "file": "DigestNotifier.java",
            "method": "open",
            "native": false,
            "line": 222,
            "class": "com.xgen.svc.mms.svc.alert.notify.DigestNotifier"
          },
          {
            "file": "NotificationSvc.java",
            "method": "exec",
            "native": false,
            "line": 166,
            "class": "com.xgen.svc.mms.svc.alert.NotificationSvc$Op$1"
          },
          {
            "file": "NotificationSvc.java",
            "method": "exec",
            "native": false,
            "line": 287,
            "class": "com.xgen.svc.mms.svc.alert.NotificationSvc"
          },
          {
            "file": "NotificationSvc.java",
            "method": "open",
            "native": false,
            "line": 240,
            "class": "com.xgen.svc.mms.svc.alert.NotificationSvc"
          },
          {
            "file": "AlertStateSvc.java",
            "method": "open",
            "native": false,
            "line": 59,
            "class": "com.xgen.svc.mms.svc.alert.AlertStateSvc"
          },
          {
            "file": "AlertProcessingSvc.java",
            "method": "runAlertCheck",
            "native": false,
            "line": 233,
            "class": "com.xgen.svc.mms.svc.alert.AlertProcessingSvc"
          },
          {
            "file": "AlertProcessingSvc.java",
            "method": "runAlertChecks",
            "native": false,
            "line": 75,
            "class": "com.xgen.svc.mms.svc.alert.AlertProcessingSvc"
          },
          {
            "file": "SystemAlertProcessingSvc.java",
            "method": "runSystemAlertChecks",
            "native": false,
            "line": 91,
            "class": "com.xgen.svc.mms.svc.alert.SystemAlertProcessingSvc"
          },
          {
            "file": "SystemAlertProcessingSvc.java",
            "method": "processAlerts",
            "native": false,
            "line": 59,
            "class": "com.xgen.svc.mms.svc.alert.SystemAlertProcessingSvc"
          },
          {
            "file": "SimpleJob.java",
            "method": "execute",
            "native": false,
            "line": 36,
            "class": "com.xgen.svc.core.svc.cron.SimpleJob"
          },
          {
            "file": "CronJob.java",
            "method": "execute",
            "native": false,
            "line": 27,
            "class": "com.xgen.svc.core.svc.cron.CronJob"
          },
          {
            "file": "JobRunShell.java",
            "method": "run",
            "native": false,
            "line": 202,
            "class": "org.quartz.core.JobRunShell"
          },
          {
            "file": "SimpleThreadPool.java",
            "method": "run",
            "native": false,
            "line": 573,
            "class": "org.quartz.simpl.SimpleThreadPool$WorkerThread"
          }
        ],
        "class": "java.net.ConnectException"
      },
      "class": "javax.mail.MessagingException"
    },
    "log": "com.xgen.svc.core.dao.email.JavaEmailDao",
    "cat": "SYSTEM",
    "cl": 41,
    "tsDebug": "Wed Oct 31 08:26:31 GMT 2018",
    "cm": "send",
    "mach": "opsmanager-0",
    "_id": {"$oid": "5bd9673c36d1a001d06bf5d5"},
    "thread": "mms_Worker-20",
    "lev": "ERROR",
    "ts": 1540974391862
  },
  {
    "msg": "Failed to send email notification: to=opsmanager@no-replay.com, orgId=N/A, groupId=N/A, reason=Could not connect to SMTP host: localhost, port: 80",
    "log": "com.xgen.svc.mms.svc.alert.notify.EmailNotifier",
    "cat": "SYSTEM",
    "cl": 128,
    "tsDebug": "Wed Oct 31 08:26:31 GMT 2018",
    "cm": "sendHtmlEmail",
    "mach": "opsmanager-0",
    "_id": {"$oid": "5bd9673c36d1a001d06bf5d4"},
    "thread": "mms_Worker-20",
    "lev": "WARN",
    "ts": 1540974391531
  },
  {
    "msg": "Could not connect to SMTP host: localhost, port: 80",
    "threw": {
      "msg": "Could not connect to SMTP host: localhost, port: 80",
      "stacktrace": [
        {
          "file": "SMTPTransport.java",
          "method": "openServer",
          "native": false,
          "line": 1961,
          "class": "com.sun.mail.smtp.SMTPTransport"
        },
        {
          "file": "SMTPTransport.java",
          "method": "protocolConnect",
          "native": false,
          "line": 654,
          "class": "com.sun.mail.smtp.SMTPTransport"
        },
        {
          "file": "Service.java",
          "method": "connect",
          "native": false,
          "line": 295,
          "class": "javax.mail.Service"
        },
        {
          "file": "Service.java",
          "method": "connect",
          "native": false,
          "line": 176,
          "class": "javax.mail.Service"
        },
        {
          "file": "Service.java",
          "method": "connect",
          "native": false,
          "line": 125,
          "class": "javax.mail.Service"
        },
        {
          "file": "Transport.java",
          "method": "send0",
          "native": false,
          "line": 194,
          "class": "javax.mail.Transport"
        },
        {
          "file": "Transport.java",
          "method": "send",
          "native": false,
          "line": 124,
          "class": "javax.mail.Transport"
        },
        {
          "file": "JavaEmailDao.java",
          "method": "send",
          "native": false,
          "line": 27,
          "class": "com.xgen.svc.core.dao.email.JavaEmailDao"
        },
        {
          "file": "EmailSvc.java",
          "method": "send",
          "native": false,
          "line": 36,
          "class": "com.xgen.svc.core.svc.email.EmailSvc"
        },
        {
          "file": "EmailNotifier.java",
          "method": "sendHtmlEmail",
          "native": false,
          "line": 116,
          "class": "com.xgen.svc.mms.svc.alert.notify.EmailNotifier"
        },
        {
          "file": "AdminNotifier.java",
          "method": "doSendNotification",
          "native": false,
          "line": 46,
          "class": "com.xgen.svc.mms.svc.alert.notify.AdminNotifier"
        },
        {
          "file": "AdminNotifier.java",
          "method": "doSendNotification",
          "native": false,
          "line": 17,
          "class": "com.xgen.svc.mms.svc.alert.notify.AdminNotifier"
        },
        {
          "file": "DigestNotifier.java",
          "method": "sendNotification",
          "native": false,
          "line": 188,
          "class": "com.xgen.svc.mms.svc.alert.notify.DigestNotifier"
        },
        {
          "file": "DigestNotifier.java",
          "method": "addAlertNotification",
          "native": false,
          "line": 88,
          "class": "com.xgen.svc.mms.svc.alert.notify.DigestNotifier"
        },
        {
          "file": "DigestNotifier.java",
          "method": "open",
          "native": false,
          "line": 222,
          "class": "com.xgen.svc.mms.svc.alert.notify.DigestNotifier"
        },
        {
          "file": "NotificationSvc.java",
          "method": "exec",
          "native": false,
          "line": 166,
          "class": "com.xgen.svc.mms.svc.alert.NotificationSvc$Op$1"
        },
        {
          "file": "NotificationSvc.java",
          "method": "exec",
          "native": false,
          "line": 287,
          "class": "com.xgen.svc.mms.svc.alert.NotificationSvc"
        },
        {
          "file": "NotificationSvc.java",
          "method": "open",
          "native": false,
          "line": 240,
          "class": "com.xgen.svc.mms.svc.alert.NotificationSvc"
        },
        {
          "file": "AlertStateSvc.java",
          "method": "open",
          "native": false,
          "line": 59,
          "class": "com.xgen.svc.mms.svc.alert.AlertStateSvc"
        },
        {
          "file": "AlertProcessingSvc.java",
          "method": "runAlertCheck",
          "native": false,
          "line": 233,
          "class": "com.xgen.svc.mms.svc.alert.AlertProcessingSvc"
        },
        {
          "file": "AlertProcessingSvc.java",
          "method": "runAlertChecks",
          "native": false,
          "line": 75,
          "class": "com.xgen.svc.mms.svc.alert.AlertProcessingSvc"
        },
        {
          "file": "SystemAlertProcessingSvc.java",
          "method": "runSystemAlertChecks",
          "native": false,
          "line": 91,
          "class": "com.xgen.svc.mms.svc.alert.SystemAlertProcessingSvc"
        },
        {
          "file": "SystemAlertProcessingSvc.java",
          "method": "processAlerts",
          "native": false,
          "line": 59,
          "class": "com.xgen.svc.mms.svc.alert.SystemAlertProcessingSvc"
        },
        {
          "file": "SimpleJob.java",
          "method": "execute",
          "native": false,
          "line": 36,
          "class": "com.xgen.svc.core.svc.cron.SimpleJob"
        },
        {
          "file": "CronJob.java",
          "method": "execute",
          "native": false,
          "line": 27,
          "class": "com.xgen.svc.core.svc.cron.CronJob"
        },
        {
          "file": "JobRunShell.java",
          "method": "run",
          "native": false,
          "line": 202,
          "class": "org.quartz.core.JobRunShell"
        },
        {
          "file": "SimpleThreadPool.java",
          "method": "run",
          "native": false,
          "line": 573,
          "class": "org.quartz.simpl.SimpleThreadPool$WorkerThread"
        }
      ],
      "causedBy": {
        "msg": "Connection refused (Connection refused)",
        "stacktrace": [
          {
            "file": "PlainSocketImpl.java",
            "method": "socketConnect",
            "native": true,
            "line": -2,
            "class": "java.net.PlainSocketImpl"
          },
          {
            "file": "AbstractPlainSocketImpl.java",
            "method": "doConnect",
            "native": false,
            "line": 350,
            "class": "java.net.AbstractPlainSocketImpl"
          },
          {
            "file": "AbstractPlainSocketImpl.java",
            "method": "connectToAddress",
            "native": false,
            "line": 206,
            "class": "java.net.AbstractPlainSocketImpl"
          },
          {
            "file": "AbstractPlainSocketImpl.java",
            "method": "connect",
            "native": false,
            "line": 188,
            "class": "java.net.AbstractPlainSocketImpl"
          },
          {
            "file": "SocksSocketImpl.java",
            "method": "connect",
            "native": false,
            "line": 392,
            "class": "java.net.SocksSocketImpl"
          },
          {
            "file": "Socket.java",
            "method": "connect",
            "native": false,
            "line": 589,
            "class": "java.net.Socket"
          },
          {
            "file": "Socket.java",
            "method": "connect",
            "native": false,
            "line": 538,
            "class": "java.net.Socket"
          },
          {
            "file": "SocketFetcher.java",
            "method": "createSocket",
            "native": false,
            "line": 321,
            "class": "com.sun.mail.util.SocketFetcher"
          },
          {
            "file": "SocketFetcher.java",
            "method": "getSocket",
            "native": false,
            "line": 237,
            "class": "com.sun.mail.util.SocketFetcher"
          },
          {
            "file": "SMTPTransport.java",
            "method": "openServer",
            "native": false,
            "line": 1927,
            "class": "com.sun.mail.smtp.SMTPTransport"
          },
          {
            "file": "SMTPTransport.java",
            "method": "protocolConnect",
            "native": false,
            "line": 654,
            "class": "com.sun.mail.smtp.SMTPTransport"
          },
          {
            "file": "Service.java",
            "method": "connect",
            "native": false,
            "line": 295,
            "class": "javax.mail.Service"
          },
          {
            "file": "Service.java",
            "method": "connect",
            "native": false,
            "line": 176,
            "class": "javax.mail.Service"
          },
          {
            "file": "Service.java",
            "method": "connect",
            "native": false,
            "line": 125,
            "class": "javax.mail.Service"
          },
          {
            "file": "Transport.java",
            "method": "send0",
            "native": false,
            "line": 194,
            "class": "javax.mail.Transport"
          },
          {
            "file": "Transport.java",
            "method": "send",
            "native": false,
            "line": 124,
            "class": "javax.mail.Transport"
          },
          {
            "file": "JavaEmailDao.java",
            "method": "send",
            "native": false,
            "line": 27,
            "class": "com.xgen.svc.core.dao.email.JavaEmailDao"
          },
          {
            "file": "EmailSvc.java",
            "method": "send",
            "native": false,
            "line": 36,
            "class": "com.xgen.svc.core.svc.email.EmailSvc"
          },
          {
            "file": "EmailNotifier.java",
            "method": "sendHtmlEmail",
            "native": false,
            "line": 116,
            "class": "com.xgen.svc.mms.svc.alert.notify.EmailNotifier"
          },
          {
            "file": "AdminNotifier.java",
            "method": "doSendNotification",
            "native": false,
            "line": 46,
            "class": "com.xgen.svc.mms.svc.alert.notify.AdminNotifier"
          },
          {
            "file": "AdminNotifier.java",
            "method": "doSendNotification",
            "native": false,
            "line": 17,
            "class": "com.xgen.svc.mms.svc.alert.notify.AdminNotifier"
          },
          {
            "file": "DigestNotifier.java",
            "method": "sendNotification",
            "native": false,
            "line": 188,
            "class": "com.xgen.svc.mms.svc.alert.notify.DigestNotifier"
          },
          {
            "file": "DigestNotifier.java",
            "method": "addAlertNotification",
            "native": false,
            "line": 88,
            "class": "com.xgen.svc.mms.svc.alert.notify.DigestNotifier"
          },
          {
            "file": "DigestNotifier.java",
            "method": "open",
            "native": false,
            "line": 222,
            "class": "com.xgen.svc.mms.svc.alert.notify.DigestNotifier"
          },
          {
            "file": "NotificationSvc.java",
            "method": "exec",
            "native": false,
            "line": 166,
            "class": "com.xgen.svc.mms.svc.alert.NotificationSvc$Op$1"
          },
          {
            "file": "NotificationSvc.java",
            "method": "exec",
            "native": false,
            "line": 287,
            "class": "com.xgen.svc.mms.svc.alert.NotificationSvc"
          },
          {
            "file": "NotificationSvc.java",
            "method": "open",
            "native": false,
            "line": 240,
            "class": "com.xgen.svc.mms.svc.alert.NotificationSvc"
          },
          {
            "file": "AlertStateSvc.java",
            "method": "open",
            "native": false,
            "line": 59,
            "class": "com.xgen.svc.mms.svc.alert.AlertStateSvc"
          },
          {
            "file": "AlertProcessingSvc.java",
            "method": "runAlertCheck",
            "native": false,
            "line": 233,
            "class": "com.xgen.svc.mms.svc.alert.AlertProcessingSvc"
          },
          {
            "file": "AlertProcessingSvc.java",
            "method": "runAlertChecks",
            "native": false,
            "line": 75,
            "class": "com.xgen.svc.mms.svc.alert.AlertProcessingSvc"
          },
          {
            "file": "SystemAlertProcessingSvc.java",
            "method": "runSystemAlertChecks",
            "native": false,
            "line": 91,
            "class": "com.xgen.svc.mms.svc.alert.SystemAlertProcessingSvc"
          },
          {
            "file": "SystemAlertProcessingSvc.java",
            "method": "processAlerts",
            "native": false,
            "line": 59,
            "class": "com.xgen.svc.mms.svc.alert.SystemAlertProcessingSvc"
          },
          {
            "file": "SimpleJob.java",
            "method": "execute",
            "native": false,
            "line": 36,
            "class": "com.xgen.svc.core.svc.cron.SimpleJob"
          },
          {
            "file": "CronJob.java",
            "method": "execute",
            "native": false,
            "line": 27,
            "class": "com.xgen.svc.core.svc.cron.CronJob"
          },
          {
            "file": "JobRunShell.java",
            "method": "run",
            "native": false,
            "line": 202,
            "class": "org.quartz.core.JobRunShell"
          },
          {
            "file": "SimpleThreadPool.java",
            "method": "run",
            "native": false,
            "line": 573,
            "class": "org.quartz.simpl.SimpleThreadPool$WorkerThread"
          }
        ],
        "class": "java.net.ConnectException"
      },
      "class": "javax.mail.MessagingException"
    },
    "log": "com.xgen.svc.core.dao.email.JavaEmailDao",
    "cat": "SYSTEM",
    "cl": 41,
    "tsDebug": "Wed Oct 31 08:26:31 GMT 2018",
    "cm": "send",
    "mach": "opsmanager-0",
    "_id": {"$oid": "5bd9673c36d1a001d06bf5d3"},
    "thread": "mms_Worker-20",
    "lev": "ERROR",
    "ts": 1540974391520
  },
  {
    "msg": "Finished RRD collection maintenance for MeasurementDaoStrategy{_databasePrefix='mmsdbrrd-raw-dbs', _intervals=DaoIntervals{_intervals=[DaoInterval{_durationBetweenDaos=PT6H, _upperBoundMillis=86400000}, DaoInterval{_durationBetweenDaos=PT24H, _upperBoundMillis=1209600000}, DaoInterval{_durationBetweenDaos=PT336H, _upperBoundMillis=15724800000}, DaoInterval{_durationBetweenDaos=PT4368H, _upperBoundMillis=9223372036854775807}]}}",
    "log": "com.xgen.svc.mms.dao.rrd.RrdMaintenanceDao",
    "cat": "SYSTEM",
    "cl": 126,
    "tsDebug": "Wed Oct 31 08:26:26 GMT 2018",
    "cm": "performMaintenance",
    "mach": "opsmanager-0",
    "_id": {"$oid": "5bd9673736d1a001d06bf5c6"},
    "thread": "mms_Worker-10",
    "lev": "INFO",
    "ts": 1540974386322
  },
  {
    "msg": "Starting RRD collection maintenance for MeasurementDaoStrategy{_databasePrefix='mmsdbrrd-raw-dbs', _intervals=DaoIntervals{_intervals=[DaoInterval{_durationBetweenDaos=PT6H, _upperBoundMillis=86400000}, DaoInterval{_durationBetweenDaos=PT24H, _upperBoundMillis=1209600000}, DaoInterval{_durationBetweenDaos=PT336H, _upperBoundMillis=15724800000}, DaoInterval{_durationBetweenDaos=PT4368H, _upperBoundMillis=9223372036854775807}]}}",
    "log": "com.xgen.svc.mms.dao.rrd.RrdMaintenanceDao",
    "cat": "SYSTEM",
    "cl": 101,
    "tsDebug": "Wed Oct 31 08:26:25 GMT 2018",
    "cm": "performMaintenance",
    "mach": "opsmanager-0",
    "_id": {"$oid": "5bd9673236d1a001d06bf5bf"},
    "thread": "mms_Worker-10",
    "lev": "INFO",
    "ts": 1540974385174
  },
  {
    "msg": "Finished RRD collection maintenance for MeasurementDaoStrategy{_databasePrefix='mmsdbrrd-raw', _intervals=DaoIntervals{_intervals=[DaoInterval{_durationBetweenDaos=PT6H, _upperBoundMillis=86400000}, DaoInterval{_durationBetweenDaos=PT24H, _upperBoundMillis=1209600000}, DaoInterval{_durationBetweenDaos=PT336H, _upperBoundMillis=15724800000}, DaoInterval{_durationBetweenDaos=PT4368H, _upperBoundMillis=9223372036854775807}]}}",
    "log": "com.xgen.svc.mms.dao.rrd.RrdMaintenanceDao",
    "cat": "SYSTEM",
    "cl": 126,
    "tsDebug": "Wed Oct 31 08:26:25 GMT 2018",
    "cm": "performMaintenance",
    "mach": "opsmanager-0",
    "_id": {"$oid": "5bd9673236d1a001d06bf5be"},
    "thread": "mms_Worker-10",
    "lev": "INFO",
    "ts": 1540974385173
  },
  {
    "msg": "Scheduling round finished. All 0 eligible migrations were scheduled for 0 eligible groups.",
    "log": "com.xgen.svc.mms.svc.ping.migration.GroupRetentionPolicyMigrationSchedulerSvc",
    "cat": "SYSTEM",
    "cl": 159,
    "tsDebug": "Wed Oct 31 08:26:23 GMT 2018",
    "cm": "schedule",
    "mach": "opsmanager-0",
    "_id": {"$oid": "5bd9673236d1a001d06bf5bd"},
    "thread": "mms_Worker-15",
    "lev": "INFO",
    "ts": 1540974383231
  },
  {
    "msg": "Scheduling for 0 eligible group(s) with 4 currently available slot(s).",
    "log": "com.xgen.svc.mms.svc.ping.migration.GroupRetentionPolicyMigrationSchedulerSvc",
    "cat": "SYSTEM",
    "cl": 102,
    "tsDebug": "Wed Oct 31 08:26:23 GMT 2018",
    "cm": "schedule",
    "mach": "opsmanager-0",
    "_id": {"$oid": "5bd9673236d1a001d06bf5bc"},
    "thread": "mms_Worker-15",
    "lev": "INFO",
    "ts": 1540974383230
  },
  {
    "msg": "Starting RRD collection maintenance for MeasurementDaoStrategy{_databasePrefix='mmsdbrrd-raw', _intervals=DaoIntervals{_intervals=[DaoInterval{_durationBetweenDaos=PT6H, _upperBoundMillis=86400000}, DaoInterval{_durationBetweenDaos=PT24H, _upperBoundMillis=1209600000}, DaoInterval{_durationBetweenDaos=PT336H, _upperBoundMillis=15724800000}, DaoInterval{_durationBetweenDaos=PT4368H, _upperBoundMillis=9223372036854775807}]}}",
    "log": "com.xgen.svc.mms.dao.rrd.RrdMaintenanceDao",
    "cat": "SYSTEM",
    "cl": 101,
    "tsDebug": "Wed Oct 31 08:26:23 GMT 2018",
    "cm": "performMaintenance",
    "mach": "opsmanager-0",
    "_id": {"$oid": "5bd9673236d1a001d06bf5bb"},
    "thread": "mms_Worker-10",
    "lev": "INFO",
    "ts": 1540974383200
  },
  {
    "msg": "Starting metric data collection maintenance ...",
    "log": "com.xgen.svc.mms.dao.rrd.RrdMaintenanceDao",
    "cat": "SYSTEM",
    "cl": 74,
    "tsDebug": "Wed Oct 31 08:26:23 GMT 2018",
    "cm": "performCollectionMaintenance",
    "mach": "opsmanager-0",
    "_id": {"$oid": "5bd9673236d1a001d06bf5ba"},
    "thread": "mms_Worker-10",
    "lev": "INFO",
    "ts": 1540974383196
  },
  {
    "msg": "Processing backup theft alerts for all backups jobs using primary",
    "log": "com.xgen.svc.brs.web.svc.BackupTheftAlertSvc",
    "cat": "SYSTEM",
    "cl": 60,
    "tsDebug": "Wed Oct 31 08:26:22 GMT 2018",
    "cm": "processTheftAlert",
    "mach": "opsmanager-0",
    "_id": {"$oid": "5bd9673236d1a001d06bf5b9"},
    "thread": "mms_Worker-18",
    "lev": "DEBUG",
    "ts": 1540974382753
  },
  {
    "msg": "Completed discovery for replica set appdb",
    "log": "com.xgen.svc.mms.svc.admin.DeploymentDiscoverySvc",
    "cat": "SYSTEM",
    "cl": 438,
    "tsDebug": "Wed Oct 31 08:26:13 GMT 2018",
    "cm": "discoverReplicaSet",
    "mach": "opsmanager-0",
    "_id": {"$oid": "5bd9672836d1a001d06bf598"},
    "thread": "DeploymentDiscoverySvcDeploymentRefresher-0",
    "lev": "INFO",
    "ts": 1540974373795
  },
  {
    "msg": "Generated key - keyId=5bd966f736d1a001d06bf572, groupId=5bd966f736d1a001d06bf569, userId=5bd966f636d1a001d06bf564, source=PUBLIC_API",
    "log": "com.xgen.svc.mms.svc.AgentApiKeySvc",
    "cat": "SYSTEM",
    "cl": 437,
    "tsDebug": "Wed Oct 31 08:25:27 GMT 2018",
    "cm": "generateKey",
    "mach": "opsmanager-0",
    "_id": {"$oid": "5bd966fb36d1a001d06bf57e"},
    "thread": "JettyHttpPool-41",
    "lev": "INFO",
    "ts": 1540974327562
  },
  {
    "msg": "Twilio service not configured, SMS events will be ignored.",
    "log": "com.xgen.svc.core.svc.telecom.TelecomSvcProvider",
    "cat": "UI",
    "cl": 43,
    "tsDebug": "Wed Oct 31 08:25:25 GMT 2018",
    "cm": "get",
    "mach": "opsmanager-0",
    "_id": {"$oid": "5bd966f636d1a001d06bf563"},
    "thread": "JettyHttpPool-37",
    "lev": "INFO",
    "ts": 1540974325216
  },
  {
    "msg": "Completed discovery for replica set appdb",
    "log": "com.xgen.svc.mms.svc.admin.DeploymentDiscoverySvc",
    "cat": "SYSTEM",
    "cl": 438,
    "tsDebug": "Wed Oct 31 08:25:13 GMT 2018",
    "cm": "discoverReplicaSet",
    "mach": "opsmanager-0",
    "_id": {"$oid": "5bd966ec36d1a001d06bf562"},
    "thread": "DeploymentDiscoverySvcDeploymentRefresher-0",
    "lev": "INFO",
    "ts": 1540974313770
  },
  {
    "msg": "Started mms at build 5a91d59d26@on-prem-4.0 in: 90676 (ms)",
    "log": "com.xgen.svc.core.ServerMain",
    "cat": "SYSTEM",
    "cl": 531,
    "tsDebug": "Wed Oct 31 08:24:51 GMT 2018",
    "cm": "start",
    "mach": "opsmanager-0",
    "_id": {"$oid": "5bd966d836d1a001d06bf55e"},
    "thread": "main",
    "lev": "INFO",
    "ts": 1540974291229
  },
  {
    "msg": "Waiting for Proxy Server PEM File to be specified in the configuration",
    "log": "backup.jobs.queryable.ProxyServer.25999",
    "cat": "SYSTEM",
    "cl": 96,
    "tsDebug": "Wed Oct 31 08:24:51 GMT 2018",
    "cm": "run",
    "mach": "opsmanager-0",
    "_id": {"$oid": "5bd966d836d1a001d06bf55d"},
    "thread": "ProxyServer-25999",
    "lev": "INFO",
    "ts": 1540974291212
  },
  {
    "msg": "Started queryable backup proxy server on port 25999",
    "log": "com.xgen.svc.core.ServerMain",
    "cat": "SYSTEM",
    "cl": 615,
    "tsDebug": "Wed Oct 31 08:24:51 GMT 2018",
    "cm": "setUpProxyServer",
    "mach": "opsmanager-0",
    "_id": {"$oid": "5bd966d836d1a001d06bf55c"},
    "thread": "main",
    "lev": "INFO",
    "ts": 1540974291206
  }
]