{
  "date": {"$date": "2018-10-22T12:49:35.483Z"},
  "d": {
    "agentStats": {
      "numcpus": 1,
      "memory": {
        "gcnum": 43,
        "heapalloc": 3794464,
        "frees": 713468,
        "gcpausetotalns": 16815486,
        "mallocs": 734375,
        "alloc": 3794464,
        "totalalloc": 54514992,
        "heapinuse": 5496832,
        "gcpauselastns": 5021019,
        "heapobjects": 20907
      },
      "usage": {
        "majflt": 58,
        "utimens": 1400000000,
        "minflt": 3389,
        "stimens": 1020000000
      },
      "maxprocs": 4,
      "goroutines": 62,
      "global": {"metrics": {
        "discovery": {
          "min": 122189867,
          "nanos": 191713455427,
          "last": 2945068501,
          "max": 3994228885,
          "samples": 88
        },
        "rounds": {
          "min": 10837178,
          "nanos": 2413956466,
          "last": 28563265,
          "max": 132328039,
          "samples": 88
        }
      }},
      "limits": {
        "nofilehard": 1048576,
        "nofilesoft": 1048576
      },
      "uptime": 4788119,
      "sampleTime": {"$date": "2018-10-22T12:49:35.473Z"}
    },
    "dataFormat": 1,
    "hosts": {
      "server2:27017": {
        "port": 27017,
        "buildInfo": {
          "debug": false,
          "sysInfo": "deprecated",
          "storageEngines": [
            "devnull",
            "ephemeralForTest",
            "mmapv1",
            "wiredTiger"
          ],
          "bits": 64,
          "buildEnvironment": {
            "cc": "/opt/mongodbtoolchain/v2/bin/gcc: gcc (GCC) 5.4.0",
            "cxxflags": "-Woverloaded-virtual -Wno-maybe-uninitialized -std=c++14",
            "target_os": "linux",
            "cxx": "/opt/mongodbtoolchain/v2/bin/g++: g++ (GCC) 5.4.0",
            "linkflags": "-pthread -Wl,-z,now -rdynamic -Wl,--fatal-warnings -fstack-protector-strong -fuse-ld=gold -Wl,--build-id -Wl,--hash-style=gnu -Wl,-z,noexecstack -Wl,--warn-execstack -Wl,-z,relro",
            "target_arch": "x86_64",
            "distmod": "ubuntu1604",
            "distarch": "x86_64",
            "ccflags": "-fno-omit-frame-pointer -fno-strict-aliasing -ggdb -pthread -Wall -Wsign-compare -Wno-unknown-pragmas -Winvalid-pch -Werror -O2 -Wno-unused-local-typedefs -Wno-unused-function -Wno-deprecated-declarations -Wno-unused-but-set-variable -Wno-missing-braces -fstack-protector-strong -fno-builtin-memcmp"
          },
          "version": "4.0.3",
          "modules": [],
          "javascriptEngine": "mozjs",
          "gitVersion": "7ea530946fa7880364d88c8d8b6026bbc9ffa48c",
          "allocator": "tcmalloc",
          "openssl": {
            "running": "OpenSSL 1.0.2g  1 Mar 2016",
            "compiled": "OpenSSL 1.0.2g  1 Mar 2016"
          },
          "maxBsonObjectSize": 16777216,
          "ok": 1,
          "versionArray": [
            4,
            0,
            3,
            0
          ]
        },
        "isMaster": {
          "maxWireVersion": 7,
          "maxMessageSizeBytes": 48000000,
          "readOnly": false,
          "isreplicaset": true,
          "secondary": false,
          "localTime": {"$date": "2018-10-22T12:49:34.520Z"},
          "minWireVersion": 0,
          "ismaster": false,
          "maxBsonObjectSize": 16777216,
          "ok": 1,
          "maxWriteBatchSize": 100000,
          "logicalSessionTimeoutMinutes": 30,
          "info": "Does not have a valid replica set config"
        },
        "hostIpAddr": "172.18.0.11",
        "host": "server2",
        "isSelf": {
          "id": {"$oid": "5bcdc5a8e3c99d8e2aef054c"},
          "ok": 1
        }
      },
      "server1:27017": {
        "port": 27017,
        "buildInfo": {
          "debug": false,
          "sysInfo": "deprecated",
          "storageEngines": [
            "devnull",
            "ephemeralForTest",
            "mmapv1",
            "wiredTiger"
          ],
          "bits": 64,
          "buildEnvironment": {
            "cc": "/opt/mongodbtoolchain/v2/bin/gcc: gcc (GCC) 5.4.0",
            "cxxflags": "-Woverloaded-virtual -Wno-maybe-uninitialized -std=c++14",
            "target_os": "linux",
            "cxx": "/opt/mongodbtoolchain/v2/bin/g++: g++ (GCC) 5.4.0",
            "linkflags": "-pthread -Wl,-z,now -rdynamic -Wl,--fatal-warnings -fstack-protector-strong -fuse-ld=gold -Wl,--build-id -Wl,--hash-style=gnu -Wl,-z,noexecstack -Wl,--warn-execstack -Wl,-z,relro",
            "target_arch": "x86_64",
            "distmod": "ubuntu1604",
            "distarch": "x86_64",
            "ccflags": "-fno-omit-frame-pointer -fno-strict-aliasing -ggdb -pthread -Wall -Wsign-compare -Wno-unknown-pragmas -Winvalid-pch -Werror -O2 -Wno-unused-local-typedefs -Wno-unused-function -Wno-deprecated-declarations -Wno-unused-but-set-variable -Wno-missing-braces -fstack-protector-strong -fno-builtin-memcmp"
          },
          "version": "4.0.3",
          "modules": [],
          "javascriptEngine": "mozjs",
          "gitVersion": "7ea530946fa7880364d88c8d8b6026bbc9ffa48c",
          "allocator": "tcmalloc",
          "openssl": {
            "running": "OpenSSL 1.0.2g  1 Mar 2016",
            "compiled": "OpenSSL 1.0.2g  1 Mar 2016"
          },
          "maxBsonObjectSize": 16777216,
          "ok": 1,
          "versionArray": [
            4,
            0,
            3,
            0
          ]
        },
        "isMaster": {
          "maxWireVersion": 7,
          "maxMessageSizeBytes": 48000000,
          "readOnly": false,
          "isreplicaset": true,
          "secondary": false,
          "localTime": {"$date": "2018-10-22T12:49:35.468Z"},
          "minWireVersion": 0,
          "ismaster": false,
          "maxBsonObjectSize": 16777216,
          "maxWriteBatchSize": 100000,
          "ok": 1,
          "logicalSessionTimeoutMinutes": 30,
          "info": "Does not have a valid replica set config"
        },
        "hostIpAddr": "172.18.0.9",
        "host": "server1",
        "isSelf": {
          "id": {"$oid": "5bcdb4d86ac9ff58846f280e"},
          "ok": 1
        }
      }
    },
    "goVersion": "go1.7",
    "agentSessionKey": "786413928c252b974c1c57373c2acee9",
    "agentVersion": "6.6.2.464",
    "srcVersion": "4f4fb462ee520e844976bfad20eb60ca740d0764",
    "key": "5bcd84bb36d1a001a9d7b1d8d3057a7fd4209977ad66fc28fe630b4a",
    "agentHostname": "server1",
    "agentShortHostname": "server1"
  },
  "_id": {"$oid": "5bcdc75f36d1a001a9d84f78"},
  "cid": {"$oid": "5bcd84bb36d1a001a9d7b1ce"}
}