{
  "date": {"$date": "2018-10-31T08:29:23.409Z"},
  "d": {
    "agentStats": {
      "numcpus": 1,
      "memory": {
        "gcnum": 5,
        "heapalloc": 5636776,
        "frees": 157736,
        "gcpausetotalns": 13549251,
        "mallocs": 200703,
        "alloc": 5636776,
        "totalalloc": 15288320,
        "heapinuse": 6856704,
        "gcpauselastns": 177476,
        "heapobjects": 42967
      },
      "usage": {
        "majflt": 7,
        "utimens": 280000000,
        "minflt": 2882,
        "stimens": 80000000
      },
      "maxprocs": 4,
      "goroutines": 63,
      "global": {"metrics": {
        "discovery": {
          "min": 150813020,
          "nanos": 27794956899,
          "last": 2045584436,
          "max": 4116753364,
          "samples": 11
        },
        "rounds": {
          "min": 60676027,
          "nanos": 1778552096,
          "last": 173992616,
          "max": 368969842,
          "samples": 11
        }
      }},
      "limits": {
        "nofilehard": 1048576,
        "nofilesoft": 1048576
      },
      "uptime": 139856,
      "sampleTime": {"$date": "2018-10-31T08:29:23.266Z"}
    },
    "dataFormat": 1,
    "hosts": {
      "server2:27017": {
        "port": 27017,
        "buildInfo": {
          "debug": false,
          "sysInfo": "deprecated",
          "storageEngines": [
            "devnull",
            "ephemeralForTest",
            "mmapv1",
            "wiredTiger"
          ],
          "bits": 64,
          "buildEnvironment": {
            "cc": "/opt/mongodbtoolchain/v2/bin/gcc: gcc (GCC) 5.4.0",
            "cxxflags": "-Woverloaded-virtual -Wno-maybe-uninitialized -std=c++14",
            "target_os": "linux",
            "cxx": "/opt/mongodbtoolchain/v2/bin/g++: g++ (GCC) 5.4.0",
            "linkflags": "-pthread -Wl,-z,now -rdynamic -Wl,--fatal-warnings -fstack-protector-strong -fuse-ld=gold -Wl,--build-id -Wl,--hash-style=gnu -Wl,-z,noexecstack -Wl,--warn-execstack -Wl,-z,relro",
            "target_arch": "x86_64",
            "distmod": "ubuntu1604",
            "distarch": "x86_64",
            "ccflags": "-fno-omit-frame-pointer -fno-strict-aliasing -ggdb -pthread -Wall -Wsign-compare -Wno-unknown-pragmas -Winvalid-pch -Werror -O2 -Wno-unused-local-typedefs -Wno-unused-function -Wno-deprecated-declarations -Wno-unused-but-set-variable -Wno-missing-braces -fstack-protector-strong -fno-builtin-memcmp"
          },
          "version": "4.0.3",
          "modules": [],
          "javascriptEngine": "mozjs",
          "gitVersion": "7ea530946fa7880364d88c8d8b6026bbc9ffa48c",
          "allocator": "tcmalloc",
          "openssl": {
            "running": "OpenSSL 1.0.2g  1 Mar 2016",
            "compiled": "OpenSSL 1.0.2g  1 Mar 2016"
          },
          "maxBsonObjectSize": 16777216,
          "ok": 1,
          "versionArray": [
            4,
            0,
            3,
            0
          ]
        },
        "isMaster": {
          "maxWireVersion": 7,
          "maxMessageSizeBytes": 48000000,
          "readOnly": false,
          "isreplicaset": true,
          "secondary": false,
          "localTime": {"$date": "2018-10-31T08:29:23.262Z"},
          "minWireVersion": 0,
          "ismaster": false,
          "maxBsonObjectSize": 16777216,
          "maxWriteBatchSize": 100000,
          "ok": 1,
          "logicalSessionTimeoutMinutes": 30,
          "info": "Does not have a valid replica set config"
        },
        "hostIpAddr": "172.18.0.10",
        "host": "server2",
        "isSelf": {
          "id": {"$oid": "5bd9676bc821d6beed0e6e0f"},
          "ok": 1
        }
      },
      "server1:27017": {
        "port": 27017,
        "buildInfo": {
          "debug": false,
          "sysInfo": "deprecated",
          "storageEngines": [
            "devnull",
            "ephemeralForTest",
            "mmapv1",
            "wiredTiger"
          ],
          "bits": 64,
          "buildEnvironment": {
            "cc": "/opt/mongodbtoolchain/v2/bin/gcc: gcc (GCC) 5.4.0",
            "cxxflags": "-Woverloaded-virtual -Wno-maybe-uninitialized -std=c++14",
            "target_os": "linux",
            "cxx": "/opt/mongodbtoolchain/v2/bin/g++: g++ (GCC) 5.4.0",
            "linkflags": "-pthread -Wl,-z,now -rdynamic -Wl,--fatal-warnings -fstack-protector-strong -fuse-ld=gold -Wl,--build-id -Wl,--hash-style=gnu -Wl,-z,noexecstack -Wl,--warn-execstack -Wl,-z,relro",
            "target_arch": "x86_64",
            "distmod": "ubuntu1604",
            "distarch": "x86_64",
            "ccflags": "-fno-omit-frame-pointer -fno-strict-aliasing -ggdb -pthread -Wall -Wsign-compare -Wno-unknown-pragmas -Winvalid-pch -Werror -O2 -Wno-unused-local-typedefs -Wno-unused-function -Wno-deprecated-declarations -Wno-unused-but-set-variable -Wno-missing-braces -fstack-protector-strong -fno-builtin-memcmp"
          },
          "version": "4.0.3",
          "modules": [],
          "javascriptEngine": "mozjs",
          "gitVersion": "7ea530946fa7880364d88c8d8b6026bbc9ffa48c",
          "allocator": "tcmalloc",
          "openssl": {
            "running": "OpenSSL 1.0.2g  1 Mar 2016",
            "compiled": "OpenSSL 1.0.2g  1 Mar 2016"
          },
          "maxBsonObjectSize": 16777216,
          "ok": 1,
          "versionArray": [
            4,
            0,
            3,
            0
          ]
        },
        "isMaster": {
          "maxWireVersion": 7,
          "maxMessageSizeBytes": 48000000,
          "readOnly": false,
          "isreplicaset": true,
          "secondary": false,
          "localTime": {"$date": "2018-10-31T08:29:22.636Z"},
          "minWireVersion": 0,
          "ismaster": false,
          "maxBsonObjectSize": 16777216,
          "ok": 1,
          "maxWriteBatchSize": 100000,
          "logicalSessionTimeoutMinutes": 30,
          "info": "Does not have a valid replica set config"
        },
        "hostIpAddr": "172.18.0.11",
        "host": "server1",
        "isSelf": {
          "id": {"$oid": "5bd9676f1c56e40ff156e6ec"},
          "ok": 1
        }
      }
    },
    "goVersion": "go1.7",
    "agentSessionKey": "35c97e85398e8a862c8aebf556bc0fcb",
    "agentVersion": "6.6.2.464",
    "srcVersion": "4f4fb462ee520e844976bfad20eb60ca740d0764",
    "key": "5bd966f736d1a001d06bf5725fffa011c8ac9fc6e7e6e7352974c894",
    "agentHostname": "server1",
    "agentShortHostname": "server1"
  },
  "_id": {"$oid": "5bd967e336d1a001d06bf903"},
  "cid": {"$oid": "5bd966f736d1a001d06bf569"}
}